row_index,id,original_id,speaker_id,utterance_id,age,gender,duration_seconds,sample_rate,target,separate_tide,the_tight_noon,concealment,n_duplicates_in_group,split,target_had_conflict,separate_tide_had_conflict,the_tight_noon_had_conflict,concealment_had_conflict
163,34e4e626,s114_8,114,8,30,0,5.38,16000,0,0,1.0,0,1,train,False,False,False,False
1139,457bd338,s63_6,63,6,30,0,12.72,16000,1,1,1.0,1,1,train,False,False,False,False
500,2a38a026,s145_8,145,8,16,1,3.74,16000,0,0,0.0,0,1,train,False,False,False,False
379,e60b0092,s134_6,134,6,48,1,7.4,16000,1,1,1.0,1,1,train,False,False,False,False
344,d603f8a9,s131_10,131,10,22,0,5.76,16000,0,0,1.0,0,1,train,False,False,False,False
990,87942d80,s47_6,47,6,16,0,5.0945,16000,0,0,0.0,0,1,train,False,False,False,False
125,6012263e,s110_7,110,7,27,1,11.76,16000,1,1,1.0,1,1,train,False,False,False,False
551,09139bb7,s150_2,150,2,21,1,9.22,16000,0,0,1.0,1,1,train,False,False,False,False
596,966f3b80,s155_1,155,1,60,1,14.5493125,16000,1,1,1.0,1,1,train,False,False,False,False
432,b7bcc25e,s139_9,139,9,31,0,9.84,16000,1,1,1.0,1,1,train,False,False,False,False
369,09e7c2b4,s133_6,133,6,49,0,8.7,16000,1,1,1.0,1,1,train,False,False,False,False
161,d2c7345d,s114_6,114,6,30,0,5.34,16000,0,0,1.0,0,1,train,False,False,False,False
1494,54bee16d,s99_10,99,10,52,0,10.74,16000,1,1,1.0,1,1,train,False,False,False,False
1138,396d4967,s63_5,63,5,30,0,12.66,16000,1,1,1.0,1,1,train,False,False,False,False
642,33fc14f9,s159_8,159,8,22,1,11.1,16000,1,1,1.0,1,1,train,False,False,False,False
960,9cd0b04b,s44_2,44,2,35,0,8.76,16000,0,0,1.0,0,1,train,False,False,False,False
630,1945729f,s158_6,158,6,24,1,11.0293125,16000,0,1,1.0,0,1,train,False,False,False,False
249,563c47ab,s122_6,122,6,47,0,7.6858125,16000,0,0,0.0,0,1,train,False,False,False,False
347,7b7bca13,s131_4,131,4,22,0,6.14,16000,0,0,1.0,0,1,train,False,False,False,False
1331,df608ce7,s83_10,83,10,25,1,7.74,16000,1,1,1.0,1,1,train,False,False,False,False
962,28771d87,s44_4,44,4,35,0,7.1,16000,0,0,1.0,0,1,train,False,False,False,False
110,15389942,s10_2,10,2,40,1,6.5493125,16000,0,1,0.0,0,1,train,False,False,False,False
1215,d1e6c45b,s71_10,71,10,40,0,10.96,16000,1,1,1.0,1,1,train,False,False,False,False
201,61cbea99,s118_7,118,7,14,0,8.5,16000,0,0,1.0,0,1,train,False,False,False,False
504,b6f0f81d,s146_2,146,2,53,0,8.128,16000,0,1,1.0,0,1,train,False,False,False,False
1231,91e7bd55,s72_7,72,7,10,0,9.12,16000,0,0,1.0,0,1,train,False,False,False,False
932,9765e145,s40_7,40,7,25,0,4.78,16000,0,0,1.0,1,1,train,False,False,False,False
875,8235b35c,s35_9,35,9,57,0,10.7946875,16000,1,1,1.0,1,1,train,False,False,False,False
1446,766796ff,s94_3,94,3,23,0,12.16725,16000,1,1,1.0,1,1,train,False,False,False,False
1238,5f274540,s73_4,73,4,11,0,6.66,16000,0,0,1.0,0,1,train,False,False,False,False
113,728c7c42,s10_5,10,5,40,1,9.6213125,16000,0,0,1.0,0,1,train,False,False,False,False
138,0bc02b5c,s112_1,112,1,25,1,5.58,16000,0,0,1.0,0,1,train,False,False,False,False
501,74c5ab11,s145_9,145,9,16,1,3.64,16000,0,0,0.0,0,1,train,False,False,False,False
754,ff84928a,s24_6,24,6,57,0,13.82,16000,0,1,1.0,0,1,train,False,False,False,False
1424,498d301e,s92_1,92,1,51,1,11.52,16000,1,1,1.0,1,1,train,False,False,False,False
122,158d9d2f,s110_4,110,4,27,1,11.76,16000,1,1,1.0,1,1,train,False,False,False,False
1498,2ae651ca,s99_5,99,5,52,0,10.14,16000,1,1,1.0,1,1,train,False,False,False,False
472,890c4adc,s143_1,143,1,42,0,9.68,16000,1,1,1.0,1,1,train,False,False,False,False
1389,ee4f6c86,s89_4,89,4,62,1,12.94,16000,1,1,1.0,1,1,train,False,False,False,False
1216,2a35f34f,s71_2,71,2,40,0,9.58,16000,1,1,1.0,1,1,train,False,False,False,False
1041,7292a7ed,s52_1,52,1,8,0,7.04,16000,0,0,0.0,0,1,train,False,False,False,False
1473,9061b0e6,s97_1,97,1,62,1,10.94,16000,1,1,1.0,1,1,train,False,False,False,False
619,5d34085a,s157_5,157,5,29,1,12.2369375,16000,1,1,1.0,1,1,train,False,False,False,False
319,c9c6ae5c,s129_6,129,6,33,0,12.72,16000,1,1,1.0,1,1,train,False,False,False,False
1183,127dfb57,s68_8,68,8,53,1,10.1935625,16000,0,1,1.0,0,1,train,False,False,False,False
1450,24808599,s94_7,94,7,23,0,10.658,16000,1,1,1.0,1,1,train,False,False,False,False
70,ab8bd8d3,s106_10,106,10,40,0,6.9,16000,0,0,1.0,0,1,train,False,False,False,False
756,3bc0c3c1,s24_8,24,8,57,0,14.16,16000,0,1,1.0,0,1,train,False,False,False,False
251,1564d626,s122_8,122,8,47,0,7.058875,16000,0,0,0.0,0,1,train,False,False,False,False
7,eaa2bcb6,s0_7,0,7,14,1,7.06,16000,0,0,1.0,1,1,train,False,False,False,False
888,9bc9e727,s37_2,37,2,30,0,12.08,16000,1,1,1.0,1,1,train,False,False,False,False
55,a747d731,s104_6,104,6,40,0,10.4954375,16000,1,1,1.0,1,1,train,False,False,False,False
496,8eb04084,s145_4,145,4,16,1,4.12,16000,0,0,0.0,0,1,train,False,False,False,False
248,2026b959,s122_5,122,5,47,0,8.0573125,16000,0,0,0.0,0,1,train,False,False,False,False
1064,ace48b08,s55_1,55,1,41,0,9.2,16000,1,1,1.0,1,1,train,False,False,False,False
587,7cc3d3ce,s154_1,154,1,60,1,15.4666875,16000,0,1,1.0,0,1,train,False,False,False,False
207,db0ce3d7,s119_4,119,4,10,0,6.12,16000,0,0,0.0,0,1,train,False,False,False,False
1342,8e02c950,s84_2,84,2,33,0,12.04,16000,1,1,1.0,1,1,train,False,False,False,False
1,55f305be,s0_10,0,10,14,1,7.38,16000,0,0,1.0,1,1,train,False,False,False,False
56,13646e4d,s104_7,104,7,40,0,11.122375,16000,1,1,1.0,1,1,train,False,False,False,False
436,023f64bc,s13_3,13,3,24,1,10.2168125,16000,0,1,1.0,0,1,train,False,False,False,False
740,9632ad7f,s23_2,23,2,51,0,11.2849375,16000,0,1,1.0,0,1,train,False,False,False,False
345,39c0e661,s131_2,131,2,22,0,6.14,16000,0,0,1.0,0,1,train,False,False,False,False
208,aff1b4ff,s119_5,119,5,10,0,4.58,16000,0,0,0.0,0,1,train,False,False,False,False
707,ceb88f72,s1_9,1,9,49,0,6.68,16000,0,0,1.0,1,1,train,False,False,False,False
602,de31a748,s155_7,155,7,60,1,14.464,16000,1,1,1.0,1,1,train,False,False,False,False
140,a52a7c1c,s112_3,112,3,25,1,6.26,16000,0,0,1.0,0,1,train,False,False,False,False
784,342919fc,s27_6,27,6,68,0,8.3,16000,0,0,0.0,0,1,train,False,False,False,False
939,2c61fd0e,s41_5,41,5,53,0,9.94,16000,0,1,1.0,0,1,train,False,False,False,False
762,7d7cf045,s25_4,25,4,60,0,8.8,16000,0,1,1.0,0,1,train,False,False,False,False
1316,140ba812,s81_1,81,1,5,0,5.68,16000,0,0,0.0,0,1,train,False,False,False,False
484,f3ef6d1e,s144_2,144,2,51,0,8.38,16000,1,1,1.0,1,1,train,False,False,False,False
842,def4ce32,s32_6,32,6,55,0,4.64,16000,0,0,0.0,0,1,train,False,False,False,False
145,bbebddc4,s112_8,112,8,25,1,13.96,16000,0,0,1.0,0,1,train,False,False,False,False
1101,e700d6ac,s5_1,5,1,20,1,7.9185,16000,0,0,1.0,1,1,train,False,False,False,False
534,0c1afaa7,s149_5,149,5,17,1,9.3226875,16000,0,0,1.0,0,1,train,False,False,False,False
1481,3e7ddd63,s97_8,97,8,62,1,9.84,16000,1,1,1.0,1,1,train,False,False,False,False
722,e0fbd0a7,s21_4,21,4,56,0,8.44,16000,0,0,1.0,1,1,train,False,False,False,False
39,235c2053,s103_1,103,1,38,0,12.0746875,16000,1,1,1.0,1,1,train,False,False,False,False
393,b1bab4a6,s136_1,136,1,42,0,7.14,16000,0,0,0.0,0,1,train,False,False,False,False
690,855d5e9f,s19_2,19,2,48,0,10.78,16000,1,1,1.0,1,1,train,False,False,False,False
111,3be947c1,s10_3,10,3,40,1,8.512,16000,0,1,0.0,0,1,train,False,False,False,False
363,bec76e11,s133_1,133,1,49,0,7.88,16000,1,1,1.0,1,1,train,False,False,False,False
890,996d55f5,s37_4,37,4,30,0,12.88,16000,1,1,1.0,1,1,train,False,False,False,False
398,9a16955c,s136_5,136,5,42,0,7.52,16000,0,0,0.0,0,1,train,False,False,False,False
405,4e06d0c0,s137_2,137,2,53,0,13.42,16000,1,1,1.0,1,1,train,False,False,False,False
17,0529e248,s100_7,100,7,53,0,11.21525,16000,1,1,1.0,1,1,train,False,False,False,False
1032,5f1f85c7,s51_1,51,1,14,1,2.88,16000,0,0,0.0,0,1,train,False,False,False,False
46,7cddc2ee,s103_7,103,7,38,0,10.22,16000,1,1,1.0,1,1,train,False,False,False,False
1333,da148bbc,s83_3,83,3,25,1,8.78,16000,1,1,1.0,1,1,train,False,False,False,False
390,f0d2f12f,s135_7,135,7,48,0,7.74,16000,1,1,1.0,1,1,train,False,False,False,False
14,d698a35f,s100_4,100,4,43,0,10.658,16000,0,0,1.0,1,1,train,False,False,False,False
1442,805473e1,s93_9,93,9,20,0,13.53725,16000,1,1,1.0,1,1,train,False,False,False,False
282,857a64e7,s125_9,125,9,43,0,9.62,16000,1,1,1.0,1,1,train,False,False,False,False
278,0a0dba75,s125_5,125,5,43,0,9.82,16000,1,1,1.0,1,1,train,False,False,False,False
947,dcde661a,s42_4,42,4,66,0,12.34,16000,0,1,1.0,0,1,train,False,False,False,False
1493,bdffdf79,s99_1,99,1,52,0,9.36,16000,1,1,1.0,1,1,train,False,False,False,False
139,f6abde29,s112_2,112,2,25,1,6.2,16000,0,0,1.0,0,1,train,False,False,False,False
625,cbc8dd3c,s158_10,158,10,24,1,13.9306875,16000,0,1,1.0,0,1,train,False,False,False,False
871,3ce8c427,s35_5,35,5,57,0,11.264,16000,1,1,1.0,1,1,train,False,False,False,False
45,8ddd0dde,s103_6,103,6,38,0,10.36,16000,1,1,1.0,1,1,train,False,False,False,False
893,d09ca1eb,s37_7,37,7,30,0,12.32,16000,1,1,1.0,1,1,train,False,False,False,False
409,95933133,s137_6,137,6,53,0,13.06,16000,1,1,1.0,1,1,train,False,False,False,False
486,6a87e045,s144_4,144,4,51,0,9.24,16000,1,1,1.0,1,1,train,False,False,False,False
1043,74f9140e,s52_3,52,3,8,0,4.08,16000,0,0,0.0,0,1,train,False,False,False,False
1341,05665dc4,s84_10,84,10,33,0,11.22,16000,1,1,1.0,1,1,train,False,False,False,False
314,303c4cfc,s129_10,129,10,33,0,12.98,16000,1,1,1.0,1,1,train,False,False,False,False
1179,9055ea93,s68_4,68,4,53,1,11.00625,16000,0,1,1.0,0,1,train,False,False,False,False
1016,de09ad63,s4_4,4,4,48,0,11.16,16000,1,1,1.0,1,1,train,False,False,False,False
115,1854f0b5,s10_7,10,7,40,1,9.3653125,16000,0,1,1.0,0,1,train,False,False,False,False
848,15106352,s33_2,33,2,21,0,4.14,16000,0,0,0.0,0,1,train,False,False,False,False
956,329da63b,s43_4,43,4,8,0,8.88,16000,0,0,0.0,0,1,train,False,False,False,False
1074,bfbf2c3d,s56_1,56,1,51,0,9.92,16000,0,1,1.0,0,1,train,False,False,False,False
386,bdfe7b12,s135_3,135,3,48,0,7.88,16000,1,1,1.0,1,1,train,False,False,False,False
696,309f16a1,s19_8,19,8,48,0,11.48,16000,1,1,1.0,1,1,train,False,False,False,False
387,02f7450a,s135_4,135,4,48,0,7.8,16000,1,1,1.0,1,1,train,False,False,False,False
494,9cfa5f96,s145_2,145,2,16,1,4.7,16000,0,0,0.0,0,1,train,False,False,False,False
1476,f696f31d,s97_3,97,3,62,1,11.42,16000,1,1,1.0,1,1,train,False,False,False,False
1317,d436ef91,s81_2,81,2,5,0,5.56,16000,0,0,0.0,0,1,train,False,False,False,False
1438,fbd7a8fd,s93_5,93,5,20,0,12.7245625,16000,1,1,1.0,1,2,train,False,False,False,False
1227,75fd24de,s72_3,72,3,10,0,9.72,16000,0,0,1.0,0,1,train,False,False,False,False
603,635bc560,s155_8,155,8,60,1,13.3333125,16000,1,1,1.0,1,1,train,False,False,False,False
513,19cb9e07,s147_10,147,10,18,1,10.784,16000,0,0,1.0,1,1,train,False,False,False,False
993,89766c5e,s47_9,47,9,16,0,5.2065,16000,0,0,0.0,0,1,train,False,False,False,False
806,66ee573e,s29_8,29,8,50,0,9.76,16000,0,0,1.0,1,1,train,False,False,False,False
1502,96c51fec,s99_9,99,9,52,0,10.32,16000,1,1,1.0,1,1,train,False,False,False,False
1176,847ca4bf,s68_1,68,1,53,1,9.6595,16000,0,1,1.0,0,1,train,False,False,False,False
1137,03c076f4,s63_4,63,4,30,0,13.04,16000,1,1,1.0,1,1,train,False,False,False,False
1339,c5be17db,s83_9,83,9,25,1,8.54,16000,1,1,1.0,1,1,train,False,False,False,False
767,9536c4f0,s25_9,25,9,60,0,6.98,16000,0,0,1.0,0,1,train,False,False,False,False
210,f7b13ce4,s119_7,119,7,10,0,5.18,16000,0,0,0.0,0,1,train,False,False,False,False
795,a3361e22,s28_7,28,7,52,0,11.14,16000,1,1,1.0,1,1,train,False,False,False,False
905,357b21aa,s38_9,38,9,42,0,5.56,16000,0,0,0.0,0,1,train,False,False,False,False
605,49a90ebc,s156_10,156,10,54,0,11.56,16000,0,1,1.0,0,1,train,False,False,False,False
1349,eb271218,s84_9,84,9,33,0,10.74,16000,1,1,1.0,1,1,train,False,False,False,False
937,375d9822,s41_3,41,3,53,0,10.9,16000,0,1,1.0,0,1,train,False,False,False,False
763,62dd77ac,s25_5,25,5,60,0,8.24,16000,0,1,1.0,0,1,train,False,False,False,False
339,4ff83496,s130_6,130,6,28,0,9.5,16000,0,1,1.0,0,1,train,False,False,False,False
60,a0948bfe,s105_10,105,10,51,0,9.589875,16000,0,0,1.0,1,1,train,False,False,False,False
491,ee1201a0,s144_9,144,9,51,0,8.7,16000,1,1,1.0,1,1,train,False,False,False,False
876,f098a077,s36_1,36,1,28,0,10.8669375,16000,1,1,1.0,1,1,train,False,False,False,False
397,b203abde,s136_4,136,4,42,0,7.16,16000,0,0,0.0,0,1,train,False,False,False,False
1382,be19f6af,s88_6,88,6,30,0,7.15175,16000,0,0,0.0,0,1,train,False,False,False,False
428,88db291f,s139_5,139,5,31,0,9.7,16000,1,1,1.0,1,1,train,False,False,False,False
1033,f5287e22,s51_2,51,2,14,1,3.12,16000,0,0,0.0,0,1,train,False,False,False,False
532,67813888,s149_3,149,3,17,1,9.3013125,16000,0,0,1.0,0,1,train,False,False,False,False
837,04f1cbcf,s32_10,32,10,55,0,4.54,16000,0,0,0.0,0,1,train,False,False,False,False
867,ea75c690,s35_10,35,10,57,0,9.4293125,16000,1,1,1.0,1,1,train,False,False,False,False
64,07643706,s105_5,105,5,51,0,10.6115,16000,1,1,1.0,1,2,train,False,False,False,False
538,693df07f,s149_9,149,9,17,1,9.28,16000,0,0,1.0,0,1,train,False,False,False,False
541,559ef03a,s14_2,14,2,27,0,12.98,16000,0,0,1.0,0,1,train,False,False,False,False
886,3cca16e5,s37_1,37,1,30,0,12.06,16000,1,1,1.0,1,1,train,False,False,False,False
884,f716b8f1,s36_8,36,8,28,0,10.4954375,16000,1,1,1.0,1,1,train,False,False,False,False
351,6c64870f,s131_8,131,8,22,0,5.76,16000,0,0,1.0,0,1,train,False,False,False,False
510,74faa1d1,s146_8,146,8,53,0,8.064,16000,0,1,1.0,0,1,train,False,False,False,False
1003,681fe2ba,s49_1,49,1,57,0,5.86,16000,0,0,0.0,0,1,train,False,False,False,False
490,03c08816,s144_8,144,8,51,0,9.2,16000,1,1,1.0,1,1,train,False,False,False,False
2,272fea57,s0_2,0,2,14,1,7.94,16000,0,0,1.0,1,1,train,False,False,False,False
482,4bb9d014,s144_1,144,1,51,0,8.2,16000,1,1,1.0,1,1,train,False,False,False,False
1128,69faea93,s62_4,62,4,47,1,3.62,16000,0,0,0.0,0,1,train,False,False,False,False
239,3507101c,s121_6,121,6,30,0,9.02,16000,0,0,0.0,0,1,train,False,False,False,False
373,9ca47705,s134_1,134,1,48,1,6.78,16000,0,0,1.0,1,1,train,False,False,False,False
929,a70e48a0,s40_4,40,4,25,0,4.82,16000,0,0,1.0,1,1,train,False,False,False,False
921,4d639a63,s3_5,3,5,63,0,11.34,16000,1,1,1.0,1,1,train,False,False,False,False
1206,059a271f,s70_2,70,2,22,0,3.3,16000,0,0,0.0,0,1,train,False,False,False,False
786,bf2613bd,s27_8,27,8,68,0,8.76,16000,0,0,1.0,0,1,train,False,False,False,False
554,2589c7d9,s150_5,150,5,21,1,8.26,16000,0,0,1.0,0,1,train,False,False,False,False
643,ebefff1c,s159_9,159,9,22,1,10.56,16000,1,1,1.0,1,1,train,False,False,False,False
727,0ba88aba,s21_9,21,9,56,0,7.64,16000,0,0,1.0,1,1,train,False,False,False,False
919,7fc3b0d9,s3_3,3,3,63,0,11.1,16000,1,1,1.0,1,1,train,False,False,False,False
377,617fda2b,s134_4,134,4,48,1,6.84,16000,1,1,1.0,1,1,train,False,False,False,False
521,7ca5d9a2,s147_9,147,9,18,1,10.88,16000,0,0,1.0,1,1,train,False,False,False,False
880,6bcac474,s36_4,36,4,28,0,11.00625,16000,1,1,1.0,1,1,train,False,False,False,False
748,6aa5278a,s24_1,24,1,57,0,16.38,16000,1,1,1.0,0,1,train,False,False,False,False
742,9ede55e4,s23_4,23,4,51,0,10.936625,16000,0,1,1.0,0,1,train,False,False,False,False
896,6816ff0a,s38_1,38,1,42,0,5.08,16000,0,0,0.0,0,1,train,False,False,False,False
744,752266d2,s23_6,23,6,51,0,10.4025625,16000,0,1,1.0,0,1,train,False,False,False,False
442,78a5ed88,s13_9,13,9,24,1,12.2369375,16000,0,1,1.0,0,1,train,False,False,False,False
1127,163d9c10,s62_3,62,3,47,1,3.62,16000,0,0,0.0,0,1,train,False,False,False,False
717,9aecccec,s20_9,20,9,42,0,10.44,16000,1,1,1.0,1,1,train,False,False,False,False
797,52069ad5,s28_9,28,9,52,0,11.44,16000,1,1,1.0,1,1,train,False,False,False,False
1026,3e6ba3ed,s50_4,50,4,35,0,9.288,16000,0,0,0.0,0,1,train,False,False,False,False
1320,94a34e95,s81_5,81,5,5,0,4.88,16000,0,0,0.0,0,1,train,False,False,False,False
109,7a001934,s10_10,10,10,40,1,9.5573125,16000,0,1,0.0,0,1,train,False,False,False,False
728,8b90df62,s22_1,22,1,46,0,11.099125,16000,1,1,1.0,1,1,train,False,False,False,False
578,85a9e578,s153_10,153,10,38,0,10.76,16000,1,1,1.0,1,1,train,False,False,False,False
1275,8227c6ab,s77_3,77,3,8,1,7.88,16000,0,0,0.0,0,1,train,False,False,False,False
399,5435cf2d,s136_6,136,6,42,0,7.64,16000,0,0,0.0,0,1,train,False,False,False,False
1173,41ecfa83,s67_3,67,3,11,1,8.18,16000,0,1,1.0,0,1,train,False,False,False,False
382,c2ea8cbf,s134_9,134,9,48,1,7.48,16000,0,0,1.0,1,1,train,False,False,False,False
1045,b8f70e00,s52_5,52,5,8,0,4.02,16000,0,0,0.0,0,1,train,False,False,False,False
688,cde9c234,s19_1,19,1,48,0,10.86,16000,1,1,1.0,1,1,train,False,False,False,False
1220,a22235d5,s71_6,71,6,40,0,11.04,16000,1,1,1.0,1,1,train,False,False,False,False
426,b5c592a8,s139_3,139,3,31,0,10.0,16000,1,1,1.0,1,1,train,False,False,False,False
1011,99426ab6,s49_9,49,9,57,0,5.28,16000,0,0,0.0,0,1,train,False,False,False,False
434,1ad96749,s13_10,13,10,24,1,10.6115,16000,0,1,1.0,0,1,train,False,False,False,False
633,e1c62cca,s158_9,158,9,24,1,10.56,16000,0,1,1.0,0,1,train,False,False,False,False
505,1183baae,s146_3,146,3,53,0,9.824,16000,0,1,1.0,0,1,train,False,False,False,False
918,420c1ea8,s3_2,3,2,63,0,14.28,16000,1,1,1.0,1,1,train,False,False,False,False
1385,812c59ec,s88_9,88,9,30,0,6.3158125,16000,0,0,0.0,0,1,train,False,False,False,False
196,8c563e57,s118_2,118,2,14,0,8.48,16000,0,0,1.0,0,1,train,False,False,False,False
838,927ce830,s32_2,32,2,55,0,5.34,16000,0,0,0.0,0,1,train,False,False,False,False
1380,5b3e6d9c,s88_4,88,4,30,0,5.78175,16000,0,0,0.0,0,1,train,False,False,False,False
124,5142f426,s110_6,110,6,27,1,12.74,16000,1,1,1.0,1,1,train,False,False,False,False
558,21e96207,s150_9,150,9,21,1,8.78,16000,0,0,1.0,1,1,train,False,False,False,False
1089,e960d7f6,s58_1,58,1,55,0,11.56,16000,1,1,1.0,1,1,train,False,False,False,False
799,02dee2fb,s29_10,29,10,50,0,10.42,16000,1,1,1.0,1,1,train,False,False,False,False
844,a963c2a6,s32_8,32,8,55,0,4.48,16000,0,0,0.0,0,1,train,False,False,False,False
957,a0630063,s43_5,43,5,8,0,9.28,16000,0,0,0.0,0,1,train,False,False,False,False
803,80b9c689,s29_5,29,5,50,0,8.24,16000,1,1,1.0,1,1,train,False,False,False,False
375,5c221746,s134_2,134,2,48,1,7.2,16000,0,0,1.0,1,1,train,False,False,False,False
1427,2847721f,s92_3,92,3,51,1,11.9253125,16000,1,1,1.0,1,1,train,False,False,False,False
1240,24273829,s73_6,73,6,11,0,6.12,16000,0,0,1.0,0,1,train,False,False,False,False
1135,96166c14,s63_2,63,2,30,0,12.5,16000,1,1,1.0,1,1,train,False,False,False,False
1447,01a25895,s94_4,94,4,23,0,9.497,16000,1,1,1.0,1,1,train,False,False,False,False
49,f688e06b,s104_1,104,1,40,0,11.7493125,16000,1,1,1.0,1,1,train,False,False,False,False
508,3303a1cc,s146_6,146,6,53,0,9.248,16000,0,1,1.0,0,1,train,False,False,False,False
1211,101ad77e,s70_7,70,7,22,0,2.96,16000,0,0,0.0,0,1,train,False,False,False,False
197,4834d143,s118_3,118,3,14,0,8.68,16000,0,0,1.0,0,1,train,False,False,False,False
1434,ab8429c6,s93_1,93,1,20,0,13.235375,16000,1,1,1.0,1,1,train,False,False,False,False
43,05275f1e,s103_4,103,4,38,0,10.78,16000,1,1,1.0,1,1,train,False,False,False,False
948,4c83d33e,s42_5,42,5,66,0,13.24,16000,0,1,1.0,0,1,train,False,False,False,False
11,9eac4ab2,s100_10,100,10,53,0,10.541875,16000,0,0,1.0,1,1,train,False,False,False,False
725,771bd1bb,s21_7,21,7,56,0,8.74,16000,0,0,1.0,1,1,train,False,False,False,False
790,b5bde197,s28_2,28,2,52,0,11.04,16000,1,1,1.0,1,1,train,False,False,False,False
1116,811115e3,s61_10,61,10,51,0,7.92,16000,0,0,0.0,0,1,train,False,False,False,False
1093,7c9bbba8,s58_5,58,5,55,0,11.0,16000,1,1,1.0,1,1,train,False,False,False,False
1181,5cb028ec,s68_6,68,6,53,1,10.031,16000,0,1,1.0,0,1,train,False,False,False,False
53,e2d32b04,s104_4,104,4,40,0,10.727625,16000,1,1,1.0,1,1,train,False,False,False,False
520,26aaf5af,s147_8,147,8,18,1,10.528,16000,0,0,1.0,1,1,train,False,False,False,False
656,53fa93d6,s160_2,160,2,21,1,11.62,16000,1,1,1.0,1,1,train,False,False,False,False
663,45738fec,s160_9,160,9,21,1,11.72,16000,1,1,1.0,1,1,train,False,False,False,False
854,7db2f492,s33_8,33,8,21,0,3.58,16000,0,0,0.0,0,1,train,False,False,False,False
392,4a3c510d,s135_9,135,9,48,0,7.24,16000,1,1,1.0,1,1,train,False,False,False,False
731,87c9fe30,s22_3,22,3,46,0,11.122375,16000,1,1,1.0,1,1,train,False,False,False,False
889,53487ae6,s37_3,37,3,30,0,11.92,16000,1,1,1.0,1,1,train,False,False,False,False
1142,bb420c43,s63_9,63,9,30,0,12.72,16000,1,1,1.0,1,1,train,False,False,False,False
629,656c3afd,s158_5,158,5,24,1,11.776,16000,0,1,1.0,0,1,train,False,False,False,False
636,fe7de76b,s159_2,159,2,22,1,11.0,16000,1,1,1.0,1,1,train,False,False,False,False
228,b22be4fe,s120_5,120,5,60,0,9.96,16000,1,1,1.0,1,1,train,False,False,False,False
632,b40efbcd,s158_8,158,8,24,1,11.5413125,16000,0,1,1.0,0,1,train,False,False,False,False
930,d2c171b1,s40_5,40,5,25,0,5.7,16000,0,0,1.0,1,1,train,False,False,False,False
1219,a834a547,s71_5,71,5,40,0,10.94,16000,1,1,1.0,1,1,train,False,False,False,False
695,44d64e90,s19_7,19,7,48,0,11.64,16000,1,1,1.0,1,1,train,False,False,False,False
497,25ed37ac,s145_5,145,5,16,1,3.68,16000,0,0,0.0,0,1,train,False,False,False,False
938,3b309240,s41_4,41,4,53,0,10.88,16000,0,1,1.0,0,1,train,False,False,False,False
337,e0db4a01,s130_4,130,4,28,0,9.08,16000,0,1,1.0,0,1,train,False,False,False,False
411,9c5060f5,s137_8,137,8,53,0,14.14,16000,1,1,1.0,1,1,train,False,False,False,False
18,8bc7d0c0,s100_8,100,8,53,0,12.840625,16000,1,1,1.0,1,2,train,False,False,False,False
801,4d502900,s29_3,29,3,50,0,7.28,16000,0,0,1.0,1,1,train,False,False,False,False
1072,4e7a7b36,s55_8,55,8,41,0,9.52,16000,1,1,1.0,1,1,train,False,False,False,False
764,6e238a12,s25_6,25,6,60,0,8.52,16000,0,1,1.0,0,1,train,False,False,False,False
517,5cbcd549,s147_5,147,5,18,1,9.824,16000,0,0,1.0,1,1,train,False,False,False,False
155,9f39c5c0,s114_1,114,1,30,0,5.86,16000,0,0,1.0,0,1,train,False,False,False,False
1177,71f190ad,s68_2,68,2,53,1,10.42575,16000,0,1,1.0,0,1,train,False,False,False,False
1243,e3653efa,s73_9,73,9,11,0,5.6,16000,0,0,1.0,0,1,train,False,False,False,False
709,3d6ec593,s20_10,20,10,42,0,10.46,16000,1,1,1.0,1,1,train,False,False,False,False
1390,8874893a,s89_5,89,5,62,1,14.66,16000,1,1,1.0,1,1,train,False,False,False,False
699,ba15b6e7,s1_10,1,10,49,0,7.84,16000,0,0,1.0,1,1,train,False,False,False,False
441,d703abc6,s13_8,13,8,24,1,10.4025625,16000,0,1,1.0,0,1,train,False,False,False,False
713,d8541689,s20_5,20,5,42,0,10.24,16000,1,1,1.0,1,1,train,False,False,False,False
1094,466ffbec,s58_6,58,6,55,0,11.68,16000,1,1,1.0,1,1,train,False,False,False,False
1235,7977fa42,s73_10,73,10,11,0,6.62,16000,0,1,1.0,0,1,train,False,False,False,False
343,7c04a603,s131_1,131,1,22,0,5.94,16000,0,0,1.0,0,1,train,False,False,False,False
925,7ab719d1,s3_9,3,9,63,0,11.88,16000,1,1,1.0,1,1,train,False,False,False,False
999,24f59595,s48_6,48,6,12,0,11.26,16000,0,1,1.0,0,1,train,False,False,False,False
58,c5e511f3,s104_9,104,9,40,0,11.3778125,16000,1,1,1.0,1,1,train,False,False,False,False
335,0bf6c0d9,s130_2,130,2,28,0,8.82,16000,0,1,1.0,0,1,train,False,False,False,False
874,fee5e139,s35_8,35,8,57,0,9.4293125,16000,1,1,1.0,1,1,train,False,False,False,False
995,79af3ca0,s48_2,48,2,12,0,11.2,16000,0,1,1.0,0,1,train,False,False,False,False
843,975de6d6,s32_7,32,7,55,0,4.48,16000,0,0,0.0,0,1,train,False,False,False,False
726,e026db7f,s21_8,21,8,56,0,8.1,16000,0,0,1.0,1,1,train,False,False,False,False
52,e7933b89,s104_3,104,3,40,0,11.0295,16000,1,1,1.0,1,1,train,False,False,False,False
945,b6eb9116,s42_2,42,2,66,0,13.34,16000,0,1,1.0,0,1,train,False,False,False,False
991,96c83313,s47_7,47,7,16,0,4.7505,16000,0,0,0.0,0,1,train,False,False,False,False
15,c5f8bef2,s100_5,100,5,43,0,11.6564375,16000,0,1,1.0,1,1,train,False,False,False,False
1242,88250f10,s73_8,73,8,11,0,5.68,16000,0,0,1.0,0,1,train,False,False,False,False
388,88fba71f,s135_5,135,5,48,0,8.0,16000,1,1,1.0,1,1,train,False,False,False,False
157,b6778b1e,s114_2,114,2,30,0,5.82,16000,0,0,1.0,0,1,train,False,False,False,False
112,686078b2,s10_4,10,4,40,1,8.4693125,16000,0,1,0.0,0,1,train,False,False,False,False
119,1fc271c4,s110_10,110,10,27,1,12.12,16000,1,1,1.0,1,1,train,False,False,False,False
1034,1d98ed18,s51_3,51,3,14,1,2.8,16000,0,0,0.0,0,1,train,False,False,False,False
1452,d9305cac,s94_9,94,9,23,0,13.815875,16000,1,1,1.0,1,1,train,False,False,False,False
371,832fd7ba,s133_8,133,8,49,0,8.96,16000,1,1,1.0,1,1,train,False,False,False,False
1096,164aeaf2,s59_1,59,1,14,0,7.74,16000,0,0,1.0,0,1,train,False,False,False,False
1204,2c4426b4,s70_1,70,1,22,0,5.58,16000,0,0,0.0,0,1,train,False,False,False,False
1023,09a3dc66,s50_10,50,10,35,0,8.8468125,16000,0,0,0.0,0,1,train,False,False,False,False
883,4acce1d9,s36_7,36,7,28,0,10.84375,16000,1,1,1.0,1,1,train,False,False,False,False
737,20b16886,s22_9,22,9,46,0,10.913375,16000,1,1,1.0,1,1,train,False,False,False,False
657,9b6a9bd1,s160_3,160,3,21,1,12.26,16000,1,1,1.0,1,1,train,False,False,False,False
1014,1ef04aa3,s4_2,4,2,48,0,11.36,16000,1,1,1.0,1,1,train,False,False,False,False
47,4a558655,s103_8,103,8,38,0,10.3,16000,1,1,1.0,1,2,train,False,False,False,False
1226,624493a9,s72_2,72,2,10,0,9.78,16000,0,0,1.0,0,1,train,False,False,False,False
395,23bc46c6,s136_2,136,2,42,0,7.64,16000,0,0,0.0,0,1,train,False,False,False,False
365,9b9ebf19,s133_2,133,2,49,0,8.22,16000,1,1,1.0,1,1,train,False,False,False,False
1428,062bf489,s92_4,92,4,51,1,12.5226875,16000,1,1,1.0,1,1,train,False,False,False,False
589,8002b31d,s154_3,154,3,60,1,14.976,16000,0,0,1.0,1,1,train,False,False,False,False
1031,63f1f42b,s50_9,50,9,35,0,9.2183125,16000,0,0,0.0,0,1,train,False,False,False,False
781,c95e003b,s27_3,27,3,68,0,8.8,16000,0,0,1.0,0,1,train,False,False,False,False
1432,b3aacf63,s92_8,92,8,51,1,11.968,16000,1,1,1.0,1,1,train,False,False,False,False
338,8a5c0f66,s130_5,130,5,28,0,10.06,16000,0,1,1.0,0,1,train,False,False,False,False
59,ea296130,s105_1,105,1,51,0,9.68275,16000,1,1,1.0,1,1,train,False,False,False,False
74,614cd039,s106_5,106,5,40,0,6.24,16000,0,0,1.0,0,1,train,False,False,False,False
1178,49f117c9,s68_3,68,3,53,1,11.517125,16000,0,1,1.0,0,1,train,False,False,False,False
873,f9446648,s35_7,35,7,57,0,9.4506875,16000,1,1,1.0,1,1,train,False,False,False,False
1088,16d27a5b,s57_7,57,7,45,0,11.4474375,16000,1,1,1.0,1,1,train,False,False,False,False
232,9eb9679e,s120_9,120,9,60,0,10.68,16000,1,1,1.0,1,1,train,False,False,False,False
67,e16cd707,s105_8,105,8,51,0,10.2168125,16000,1,1,1.0,1,1,train,False,False,False,False
364,5e207209,s133_10,133,10,49,0,8.88,16000,1,1,1.0,1,1,train,False,False,False,False
1332,1598eb32,s83_2,83,2,25,1,8.02,16000,1,1,1.0,1,1,train,False,False,False,False
226,989cd161,s120_3,120,3,60,0,9.36,16000,1,1,1.0,1,1,train,False,False,False,False
714,342fb6b7,s20_6,20,6,42,0,10.8,16000,1,1,1.0,1,1,train,False,False,False,False
1210,0a20df41,s70_6,70,6,22,0,3.34,16000,0,0,0.0,0,1,train,False,False,False,False
950,2269610e,s42_7,42,7,66,0,13.12,16000,0,1,1.0,0,1,train,False,False,False,False
706,5851eb12,s1_8,1,8,49,0,7.84,16000,0,0,1.0,1,1,train,False,False,False,False
1223,9e12d76f,s71_9,71,9,40,0,11.72,16000,1,1,1.0,1,1,train,False,False,False,False
1319,68a9b9e1,s81_4,81,4,5,0,4.46,16000,0,0,0.0,0,1,train,False,False,False,False
1225,a5b90346,s72_10,72,10,10,0,8.32,16000,0,0,1.0,0,1,train,False,False,False,False
647,ba383c55,s15_3,15,3,55,0,6.52,16000,0,0,1.0,0,2,train,False,False,False,False
483,a5310140,s144_10,144,10,51,0,8.42,16000,1,1,1.0,1,1,train,False,False,False,False
277,6e1518d1,s125_4,125,4,43,0,9.86,16000,1,1,1.0,1,1,train,False,False,False,False
506,5d0500cd,s146_4,146,4,53,0,9.344,16000,0,1,1.0,0,1,train,False,False,False,False
1100,a95a69dd,s59_5,59,5,14,0,7.66,16000,0,0,1.0,0,1,train,False,False,False,False
734,21f9e9e6,s22_6,22,6,46,0,11.9350625,16000,1,1,,1,1,train,False,False,False,False
1429,ef165ea1,s92_5,92,5,51,1,10.7306875,16000,1,1,1.0,1,1,train,False,False,False,False
539,71d78601,s14_1,14,1,27,0,13.56,16000,0,1,1.0,0,1,train,False,False,False,False
644,8ae47b05,s15_1,15,1,55,0,8.12,16000,0,0,1.0,0,1,train,False,False,False,False
247,08e9f4c0,s122_4,122,4,47,0,7.1053125,16000,0,0,0.0,0,1,train,False,False,False,False
1500,ef5dd83f,s99_7,99,7,52,0,10.02,16000,1,1,1.0,1,1,train,False,False,False,False
1125,061a07a8,s62_1,62,1,47,1,4.46,16000,0,0,0.0,0,1,train,False,False,False,False
708,702a522a,s20_1,20,1,42,0,11.52,16000,1,1,1.0,1,1,train,False,False,False,False
1392,d18495a4,s89_7,89,7,62,1,16.78,16000,1,1,1.0,1,1,train,False,False,False,False
904,bef21744,s38_8,38,8,42,0,6.5,16000,0,0,0.0,0,1,train,False,False,False,False
1133,470c5d04,s63_1,63,1,30,0,11.9,16000,1,1,1.0,1,1,train,False,False,False,False
1435,2a2b12ec,s93_2,93,2,20,0,14.3035,16000,1,1,1.0,1,1,train,False,False,False,False
1451,fc351ee4,s94_8,94,8,23,0,9.1486875,16000,1,1,1.0,1,1,train,False,False,False,False
117,2576cb16,s10_9,10,9,40,1,10.2826875,16000,0,1,1.0,0,1,train,False,False,False,False
1182,8bc9b822,s68_7,68,7,53,1,11.2849375,16000,0,1,1.0,0,1,train,False,False,False,False
552,56d3865e,s150_3,150,3,21,1,9.64,16000,0,0,1.0,1,1,train,False,False,False,False
872,0dc4eed1,s35_6,35,6,57,0,8.3413125,16000,1,1,1.0,1,1,train,False,False,False,False
729,294c5794,s22_10,22,10,46,0,11.61,16000,1,1,1.0,1,1,train,False,False,False,False
433,cbf7cd1a,s13_1,13,1,24,1,9.10225,16000,0,1,1.0,0,1,train,False,False,False,False
366,4bc9c018,s133_3,133,3,49,0,8.88,16000,1,1,1.0,1,1,train,False,False,False,False
372,9b397753,s133_9,133,9,49,0,8.76,16000,1,1,1.0,1,1,train,False,False,False,False
1218,d3c4895e,s71_4,71,4,40,0,10.78,16000,1,1,1.0,1,1,train,False,False,False,False
514,7f62b1f5,s147_2,147,2,18,1,10.464,16000,0,0,1.0,1,1,train,False,False,False,False
660,9080da1a,s160_6,160,6,21,1,13.02,16000,1,1,1.0,1,1,train,False,False,False,False
1222,4d03ed88,s71_8,71,8,40,0,12.42,16000,1,1,1.0,1,1,train,False,False,False,False
579,15062502,s153_2,153,2,38,0,8.7,16000,0,0,1.0,0,1,train,False,False,False,False
1006,4c288922,s49_4,49,4,57,0,5.54,16000,0,0,0.0,0,1,train,False,False,False,False
1239,52e1cd83,s73_5,73,5,11,0,5.96,16000,0,0,1.0,0,1,train,False,False,False,False
933,36612c80,s40_8,40,8,25,0,4.96,16000,0,0,1.0,1,1,train,False,False,False,False
846,cd42369a,s33_1,33,1,21,0,3.88,16000,0,0,0.0,0,1,train,False,False,False,False
577,44e43326,s153_1,153,1,38,0,9.82,16000,0,0,1.0,0,1,train,False,False,False,False
333,97d63d1f,s130_1,130,1,28,0,8.9,16000,0,1,1.0,0,1,train,False,False,False,False
545,9ce6be92,s14_6,14,6,27,0,12.3,16000,0,0,1.0,0,2,train,False,False,False,False
1436,01d5112b,s93_3,93,3,20,0,13.072875,16000,1,1,1.0,1,1,train,False,False,False,False
753,39cd898c,s24_5,24,5,57,0,14.1,16000,0,1,1.0,0,1,train,False,False,False,False
66,4b33006c,s105_7,105,7,51,0,10.0775,16000,1,1,1.0,1,1,train,False,False,False,False
645,da558575,s15_10,15,10,55,0,5.94,16000,0,0,1.0,0,1,train,False,False,False,False
44,3fba587b,s103_5,103,5,38,0,10.24,16000,1,1,1.0,1,1,train,False,False,False,False
1048,802225ae,s52_8,52,8,8,0,4.6,16000,0,0,0.0,0,1,train,False,False,False,False
1015,38c6ac6d,s4_3,4,3,48,0,10.62,16000,1,1,1.0,1,1,train,False,False,False,False
1381,468528b1,s88_5,88,5,30,0,7.4071875,16000,0,0,0.0,0,1,train,False,False,False,False
5,d974538c,s0_5,0,5,14,1,8.9,16000,0,0,1.0,1,1,train,False,False,False,False
869,6d8a5158,s35_3,35,3,57,0,10.0906875,16000,1,1,1.0,1,1,train,False,False,False,False
16,5ca8c881,s100_6,100,6,53,0,12.562,16000,1,1,1.0,1,1,train,False,False,False,False
627,29059bd7,s158_3,158,3,24,1,11.0933125,16000,0,1,1.0,0,1,train,False,False,False,False
959,84d0873c,s44_1,44,1,35,0,7.9,16000,0,0,1.0,0,1,train,False,False,False,False
487,9897d481,s144_5,144,5,51,0,8.64,16000,1,1,1.0,1,1,train,False,False,False,False
927,1a28f240,s40_2,40,2,25,0,5.5,16000,0,0,1.0,1,1,train,False,False,False,False
516,34accf03,s147_4,147,4,18,1,10.528,16000,0,0,1.0,1,1,train,False,False,False,False
144,d4f42912,s112_7,112,7,25,1,11.22,16000,0,0,1.0,0,1,train,False,False,False,False
1376,5d9e908f,s88_1,88,1,30,0,5.897875,16000,0,0,0.0,0,1,train,False,False,False,False
158,04163fc3,s114_3,114,3,30,0,5.54,16000,0,0,1.0,0,1,train,False,False,False,False
535,84cdbf26,s149_6,149,6,17,1,9.5786875,16000,0,0,1.0,0,1,train,False,False,False,False
1344,d380091c,s84_4,84,4,33,0,12.84,16000,1,1,1.0,1,1,train,False,False,False,False
608,4ba2a35a,s156_4,156,4,54,0,12.0,16000,0,1,1.0,0,1,train,False,False,False,False
780,6409cc47,s27_2,27,2,68,0,9.14,16000,0,0,1.0,0,1,train,False,False,False,False
108,25d74cc6,s10_1,10,1,40,1,10.112,16000,0,1,0.0,0,1,train,False,False,False,False
275,a7ff8bad,s125_2,125,2,43,0,9.82,16000,1,1,1.0,1,1,train,False,False,False,False
1067,be38c22c,s55_3,55,3,41,0,10.9,16000,1,1,1.0,1,1,train,False,False,False,False
1335,a1951596,s83_5,83,5,25,1,8.82,16000,1,1,1.0,1,1,train,False,False,False,False
659,feb567b0,s160_5,160,5,21,1,11.98,16000,1,1,1.0,1,1,train,False,False,False,False
1475,7bff94fc,s97_2,97,2,62,1,10.56,16000,1,1,1.0,1,1,train,False,False,False,False
1004,cebe351e,s49_2,49,2,57,0,5.0,16000,0,0,0.0,0,1,train,False,False,False,False
1426,3b23d9a0,s92_2,92,2,51,1,13.248,16000,1,1,1.0,1,1,train,False,False,False,False
439,4937446d,s13_6,13,6,24,1,10.9830625,16000,0,1,1.0,0,1,train,False,False,False,False
1224,07554ee3,s72_1,72,1,10,0,9.64,16000,0,0,1.0,0,1,train,False,False,False,False
406,a327820d,s137_3,137,3,53,0,13.22,16000,1,1,1.0,1,1,train,False,False,False,False
540,029b3f37,s14_10,14,10,27,0,12.94,16000,0,0,1.0,0,1,train,False,False,False,False
401,aea455d2,s136_8,136,8,42,0,7.3,16000,0,0,0.0,0,1,train,False,False,False,False
749,fd48a12c,s24_10,24,10,57,0,14.9,16000,0,1,1.0,0,1,train,False,False,False,False
542,4e77b8fd,s14_3,14,3,27,0,12.64,16000,0,0,1.0,0,1,train,False,False,False,False
376,8dc0d68e,s134_3,134,3,48,1,8.04,16000,1,1,1.0,1,1,train,False,False,False,False
692,dc9033c6,s19_4,19,4,48,0,11.98,16000,1,1,1.0,1,1,train,False,False,False,False
651,dc0c0b40,s15_7,15,7,55,0,6.58,16000,0,0,1.0,0,1,train,False,False,False,False
198,934609f4,s118_4,118,4,14,0,8.64,16000,0,0,1.0,0,1,train,False,False,False,False
1007,72d79ab5,s49_5,49,5,57,0,5.64,16000,0,0,0.0,0,1,train,False,False,False,False
639,08a46e94,s159_5,159,5,22,1,10.92,16000,1,1,1.0,1,1,train,False,False,False,False
1110,173b466d,s60_4,60,4,12,0,9.56,16000,0,0,1.0,0,2,train,False,False,False,False
1430,e64c9672,s92_6,92,6,51,1,12.6933125,16000,1,1,1.0,1,1,train,False,False,False,False
923,ba7960c8,s3_7,3,7,63,0,11.7,16000,1,1,1.0,1,1,train,False,False,False,False
654,bf1f7daa,s160_1,160,1,21,1,10.68,16000,1,0,1.0,1,1,train,False,False,False,False
316,48ae974c,s129_3,129,3,33,0,11.84,16000,1,1,1.0,1,1,train,False,False,False,False
380,bfde3ec9,s134_7,134,7,48,1,8.1,16000,1,1,1.0,1,1,train,False,False,False,False
553,67c8b88a,s150_4,150,4,21,1,9.66,16000,0,0,1.0,0,1,train,False,False,False,False
1233,0b36ae9e,s72_9,72,9,10,0,8.5,16000,0,0,1.0,0,1,train,False,False,False,False
1444,253e6d86,s94_10,94,10,23,0,11.1688125,16000,1,1,1.0,1,1,train,False,False,False,False
946,50c0e08a,s42_3,42,3,66,0,12.3,16000,0,1,1.0,0,1,train,False,False,False,False
235,22e73a83,s121_2,121,2,30,0,9.14,16000,0,0,0.0,0,1,train,False,False,False,False
0,95dae92b,s0_1,0,1,14,1,8.06,16000,0,0,1.0,1,1,train,False,False,False,False
716,55ea2887,s20_8,20,8,42,0,10.12,16000,1,1,1.0,1,1,train,False,False,False,False
1386,23df23e4,s89_1,89,1,62,1,15.18,16000,1,1,1.0,1,1,train,False,False,False,False
1393,21a8e8bc,s89_8,89,8,62,1,15.04,16000,1,1,1.0,1,1,train,False,False,False,False
1124,af5f3a50,s61_9,61,9,51,0,7.12,16000,0,0,0.0,0,1,train,False,False,False,False
1126,48c11a6d,s62_2,62,2,47,1,3.84,16000,0,0,0.0,0,1,train,False,False,False,False
212,2b3408da,s119_9,119,9,10,0,3.92,16000,0,0,0.0,0,1,train,False,False,False,False
536,7b40119e,s149_7,149,7,17,1,9.664,16000,0,0,1.0,0,1,train,False,False,False,False
1394,7ba2d276,s89_9,89,9,62,1,15.06,16000,1,1,1.0,1,1,train,False,False,False,False
54,9b3bc445,s104_5,104,5,40,0,10.147125,16000,1,1,1.0,1,1,train,False,False,False,False
594,59fa7eb6,s154_8,154,8,60,1,15.0613125,16000,0,0,1.0,1,1,train,False,False,False,False
205,314b7874,s119_2,119,2,10,0,5.4,16000,0,0,0.0,0,1,train,False,False,False,False
704,5113fb25,s1_6,1,6,49,0,6.94,16000,0,0,1.0,1,1,train,False,False,False,False
1077,2bc8ac84,s56_4,56,4,51,0,12.36,16000,0,1,1.0,0,1,train,False,False,False,False
1347,ef9ccefa,s84_7,84,7,33,0,11.76,16000,1,1,1.0,1,1,train,False,False,False,False
1217,08fb8957,s71_3,71,3,40,0,10.28,16000,1,1,1.0,1,1,train,False,False,False,False
1334,1ff4e981,s83_4,83,4,25,1,9.3,16000,1,1,1.0,1,1,train,False,False,False,False
1012,f3fe5709,s4_1,4,1,48,0,10.62,16000,1,1,1.0,1,1,train,False,False,False,False
162,108960e3,s114_7,114,7,30,0,5.46,16000,0,0,1.0,0,1,train,False,False,False,False
581,ddad4348,s153_4,153,4,38,0,9.86,16000,0,1,1.0,0,1,train,False,False,False,False
531,b1a27d46,s149_2,149,2,17,1,9.152,16000,0,0,1.0,0,1,train,False,False,False,False
1002,dce37ce1,s48_9,48,9,12,0,8.88,16000,0,1,1.0,0,1,train,False,False,False,False
885,daccd4a5,s36_9,36,9,28,0,10.449,16000,1,1,1.0,1,1,train,False,False,False,False
1345,86c213b0,s84_5,84,5,33,0,11.94,16000,1,1,1.0,1,1,train,False,False,False,False
224,ce3dbff4,s120_10,120,10,60,0,10.2,16000,1,1,1.0,1,1,train,False,False,False,False
610,59f81ee2,s156_6,156,6,54,0,15.36,16000,0,1,1.0,0,1,train,False,False,False,False
1035,ad49027e,s51_4,51,4,14,1,3.14,16000,0,0,0.0,0,1,train,False,False,False,False
1180,99702420,s68_5,68,5,53,1,11.679625,16000,0,1,1.0,0,1,train,False,False,False,False
1346,c62a3fa4,s84_6,84,6,33,0,11.72,16000,1,1,1.0,1,1,train,False,False,False,False
1205,0bf8ccb8,s70_10,70,10,22,0,4.4,16000,0,0,0.0,0,1,train,False,False,False,False
882,fdb594ed,s36_6,36,6,28,0,12.771,16000,1,1,1.0,1,1,train,False,False,False,False
936,4317b838,s41_2,41,2,53,0,9.78,16000,0,1,1.0,0,1,train,False,False,False,False
953,95975417,s43_1,43,1,8,0,8.5,16000,0,0,0.0,0,1,train,False,False,False,False
1021,ad99f2a3,s4_9,4,9,48,0,10.62,16000,1,1,1.0,1,1,train,False,False,False,False
935,8b28f355,s41_1,41,1,53,0,9.78,16000,0,1,1.0,0,1,train,False,False,False,False
1001,55e7b283,s48_8,48,8,12,0,9.4,16000,0,1,1.0,0,1,train,False,False,False,False
623,0b37882c,s157_9,157,9,29,1,12.7941875,16000,1,1,1.0,1,1,train,False,False,False,False
798,baf6ce20,s29_1,29,1,50,0,8.84,16000,1,1,1.0,1,1,train,False,False,False,False
851,8eed1c1a,s33_5,33,5,21,0,4.52,16000,0,0,0.0,0,1,train,False,False,False,False
698,749de95e,s1_1,1,1,49,0,9.46,16000,0,0,1.0,1,1,train,False,False,False,False
1273,a17c0248,s77_1,77,1,8,0,8.02,16000,0,0,0.0,0,1,train,False,False,False,False
156,e2425ecb,s114_10,114,10,30,0,5.8,16000,0,0,1.0,0,1,train,False,False,False,False
1172,f11d0b0e,s67_2,67,2,11,1,8.72,16000,0,1,1.0,0,1,train,False,False,False,False
955,b206222f,s43_3,43,3,8,0,9.14,16000,0,0,0.0,0,1,train,False,False,False,False
383,9e7b19b2,s135_1,135,1,48,0,7.78,16000,1,1,1.0,1,1,train,False,False,False,False
1090,45fe30c9,s58_2,58,2,55,0,11.86,16000,1,1,1.0,1,1,train,False,False,False,False
1237,d4cda467,s73_3,73,3,11,0,6.36,16000,0,0,1.0,0,1,train,False,False,False,False
954,0f4d2512,s43_2,43,2,8,0,9.64,16000,0,0,0.0,0,1,train,False,False,False,False
1103,2cbe30db,s5_3,5,3,20,1,7.1265,16000,0,0,1.0,1,1,train,False,False,False,False
199,c5cdd222,s118_5,118,5,14,0,10.2,16000,0,0,1.0,0,1,train,False,False,False,False
425,8929a0fc,s139_2,139,2,31,0,10.32,16000,1,1,1.0,1,1,train,False,False,False,False
518,e3df7eb8,s147_6,147,6,18,1,10.368,16000,0,0,1.0,1,1,train,False,False,False,False
1449,6bb0a33d,s94_6,94,6,23,0,9.68275,16000,1,1,1.0,1,1,train,False,False,False,False
782,c682b31f,s27_4,27,4,68,0,9.28,16000,0,0,1.0,0,1,train,False,False,False,False
1108,99181b9a,s60_2,60,2,12,0,11.46,16000,0,0,1.0,0,1,train,False,False,False,False
895,ad601ff4,s37_9,37,9,30,0,10.52,16000,1,1,1.0,1,1,train,False,False,False,False
396,cb60c294,s136_3,136,3,42,0,7.04,16000,0,0,0.0,0,1,train,False,False,False,False
622,09defa85,s157_8,157,8,29,1,13.630125,16000,1,1,1.0,1,1,train,False,False,False,False
135,6a362423,s111_7,111,7,23,1,8.58,16000,0,0,1.0,1,1,train,False,False,False,False
485,bed6044a,s144_3,144,3,51,0,7.9,16000,1,1,1.0,1,1,train,False,False,False,False
792,ff176b38,s28_4,28,4,52,0,11.14,16000,1,1,1.0,1,1,train,False,False,False,False
661,1f66db8b,s160_7,160,7,21,1,13.22,16000,1,1,1.0,1,1,train,False,False,False,False
384,ff205a99,s135_10,135,10,48,0,7.44,16000,1,1,1.0,1,1,train,False,False,False,False
1337,48c28671,s83_7,83,7,25,1,9.28,16000,1,1,1.0,1,1,train,False,False,False,False
1118,b60b7d5b,s61_3,61,3,51,0,7.24,16000,0,1,0.0,0,1,train,False,False,False,False
691,73c488ff,s19_3,19,3,48,0,11.6,16000,1,1,1.0,1,1,train,False,False,False,False
499,870a9889,s145_7,145,7,16,1,3.6,16000,0,0,0.0,0,1,train,False,False,False,False
223,d82406e1,s120_1,120,1,60,0,10.26,16000,1,1,1.0,1,1,train,False,False,False,False
50,00e6e516,s104_10,104,10,40,0,10.2864375,16000,1,1,1.0,1,1,train,False,False,False,False
881,e236c1ce,s36_5,36,5,28,0,10.7973125,16000,1,1,1.0,1,1,train,False,False,False,False
320,6aa31c6b,s129_7,129,7,33,0,15.68,16000,1,1,1.0,1,1,train,False,False,False,False
350,8a895da3,s131_7,131,7,22,0,6.06,16000,0,0,1.0,0,1,train,False,False,False,False
195,a46ccaa7,s118_1,118,1,14,0,9.08,16000,0,0,1.0,0,1,train,False,False,False,False
1078,233745a1,s56_5,56,5,51,0,12.82,16000,0,1,1.0,0,1,train,False,False,False,False
342,f473eb40,s130_9,130,9,28,0,10.26,16000,0,1,1.0,0,1,train,False,False,False,False
1232,85fdc90c,s72_8,72,8,10,0,8.44,16000,0,0,1.0,0,1,train,False,False,False,False
437,950e911b,s13_4,13,4,24,1,9.752375,16000,0,1,1.0,0,1,train,False,False,False,False
609,6cbfcab4,s156_5,156,5,54,0,11.18,16000,0,1,1.0,0,1,train,False,False,False,False
961,620380e1,s44_3,44,3,35,0,8.76,16000,0,0,1.0,0,1,train,False,False,False,False
793,3d6b3183,s28_5,28,5,52,0,11.56,16000,1,1,1.0,1,1,train,False,False,False,False
637,a43d6d09,s159_3,159,3,22,1,12.18,16000,1,1,1.0,1,1,train,False,False,False,False
78,b66a926b,s106_9,106,9,40,0,6.78,16000,0,0,1.0,0,1,train,False,False,False,False
928,25909a3c,s40_3,40,3,25,0,5.16,16000,0,0,1.0,1,1,train,False,False,False,False
77,5805c340,s106_8,106,8,40,0,6.82,16000,0,0,1.0,0,1,train,False,False,False,False
476,ea9c439d,s143_4,143,4,42,0,10.1,16000,1,1,1.0,1,1,train,False,False,False,False
1123,99819217,s61_8,61,8,51,0,7.52,16000,0,0,0.0,0,1,train,False,False,False,False
276,0a7eb5d7,s125_3,125,3,43,0,9.72,16000,1,1,1.0,1,1,train,False,False,False,False
427,b336fcd7,s139_4,139,4,31,0,10.06,16000,1,1,1.0,1,1,train,False,False,False,False
322,62337bcc,s129_9,129,9,33,0,13.42,16000,1,1,1.0,1,1,train,False,False,False,False
410,f9e2946c,s137_7,137,7,53,0,12.74,16000,1,1,1.0,1,1,train,False,False,False,False
1027,0cf9aa91,s50_5,50,5,35,0,8.614625,16000,0,0,0.0,0,1,train,False,False,False,False
1474,3b9346d9,s97_10,97,10,62,1,9.84,16000,1,1,1.0,1,1,train,False,False,False,False
1082,d8dfb5fa,s57_1,57,1,45,0,17.507875,16000,1,1,1.0,1,1,train,False,False,False,False
1477,fab236ff,s97_4,97,4,62,1,9.0,16000,1,1,1.0,1,1,train,False,False,False,False
246,fc4be4fc,s122_3,122,3,47,0,7.4071875,16000,0,0,0.0,0,1,train,False,False,False,False
852,8606edd7,s33_6,33,6,21,0,4.18,16000,0,0,0.0,0,1,train,False,False,False,False
653,ce3381d8,s15_9,15,9,55,0,5.94,16000,0,0,1.0,0,1,train,False,False,False,False
511,800713aa,s146_9,146,9,53,0,10.144,16000,0,1,1.0,0,1,train,False,False,False,False
1119,fec0c110,s61_4,61,4,51,0,8.04,16000,0,0,0.0,0,1,train,False,False,False,False
807,e5d233d4,s29_9,29,9,50,0,9.24,16000,0,0,1.0,1,1,train,False,False,False,False
624,4dde777c,s158_1,158,1,24,1,14.464,16000,0,1,1.0,0,1,train,False,False,False,False
1234,04c4d67a,s73_1,73,1,11,0,6.64,16000,0,1,1.0,0,1,train,False,False,False,False
926,d044fb45,s40_1,40,1,25,0,5.6,16000,0,0,1.0,1,1,train,False,False,False,False
891,aef60613,s37_5,37,5,30,0,12.9,16000,1,1,1.0,1,1,train,False,False,False,False
1081,37736c53,s56_8,56,8,51,0,12.2,16000,0,1,1.0,0,1,train,False,False,False,False
785,3ae0c84f,s27_7,27,7,68,0,7.7,16000,0,0,0.0,0,1,train,False,False,False,False
1085,19203454,s57_4,57,4,45,0,11.888625,16000,1,1,1.0,1,1,train,False,False,False,False
614,d8c5c2e3,s157_1,157,1,29,1,11.8421875,16000,1,1,1.0,1,2,train,False,False,False,False
1425,446f0cc0,s92_10,92,10,51,1,11.9253125,16000,1,1,1.0,1,1,train,False,False,False,False
1229,bfd65030,s72_5,72,5,10,0,9.28,16000,0,0,1.0,0,1,train,False,False,False,False
760,758c2d7c,s25_2,25,2,60,0,9.58,16000,0,1,1.0,0,1,train,False,False,False,False
705,513127cf,s1_7,1,7,49,0,7.96,16000,0,0,1.0,1,1,train,False,False,False,False
759,f0af5ff4,s25_10,25,10,60,0,7.7,16000,0,0,1.0,0,1,train,False,False,False,False
917,d34e5124,s3_10,3,10,63,0,12.08,16000,1,1,1.0,1,1,train,False,False,False,False
474,1f62de6b,s143_2,143,2,42,0,10.68,16000,1,1,1.0,1,1,train,False,False,False,False
715,ddcc8c87,s20_7,20,7,42,0,10.54,16000,1,1,1.0,1,1,train,False,False,False,False
8,d5506fe5,s0_8,0,8,14,1,6.92,16000,0,0,1.0,1,1,train,False,False,False,False
120,074ed94f,s110_2,110,2,27,1,11.52,16000,1,1,1.0,1,1,train,False,False,False,False
650,3d45ca96,s15_6,15,6,55,0,7.1,16000,0,0,1.0,0,1,train,False,False,False,False
719,6f3167af,s21_10,21,10,56,0,7.88,16000,0,0,1.0,1,1,train,False,False,False,False
1068,95ba8a24,s55_4,55,4,41,0,10.42,16000,1,1,1.0,1,1,train,False,False,False,False
944,955d8c97,s42_10,42,10,66,0,13.28,16000,0,1,1.0,0,1,train,False,False,False,False
1122,8affaaff,s61_7,61,7,51,0,7.28,16000,0,0,0.0,0,1,train,False,False,False,False
794,7ffba322,s28_6,28,6,52,0,11.38,16000,1,1,1.0,1,1,train,False,False,False,False
985,c369432e,s47_10,47,10,16,0,4.1905,16000,0,0,0.0,0,1,train,False,False,False,False
512,349d3297,s147_1,147,1,18,1,10.72,16000,0,0,1.0,1,1,train,False,False,False,False
556,3f373f10,s150_7,150,7,21,1,8.16,16000,0,0,1.0,1,1,train,False,False,False,False
1066,f16382da,s55_2,55,2,41,0,9.76,16000,1,1,1.0,1,1,train,False,False,False,False
703,36fc7a5c,s1_5,1,5,49,0,7.68,16000,0,0,1.0,1,1,train,False,False,False,False
116,1aafcfe1,s10_8,10,8,40,1,8.6186875,16000,0,0,1.0,0,1,train,False,False,False,False
600,8bf39486,s155_5,155,5,60,1,13.888,16000,1,1,1.0,1,1,train,False,False,False,False
543,c0336230,s14_4,14,4,27,0,12.98,16000,0,0,1.0,0,1,train,False,False,False,False
547,fc894109,s14_8,14,8,27,0,12.16,16000,0,0,1.0,0,1,train,False,False,False,False
126,a0818faa,s110_8,110,8,27,1,11.14,16000,1,1,1.0,1,1,train,False,False,False,False
1099,f86edf3c,s59_4,59,4,14,0,7.92,16000,0,0,1.0,0,1,train,False,False,False,False
1443,a0f05568,s94_1,94,1,23,0,11.0295,16000,1,1,1.0,1,1,train,False,False,False,False
370,c7940d00,s133_7,133,7,49,0,9.18,16000,1,1,1.0,1,1,train,False,False,False,False
697,b7e105fb,s19_9,19,9,48,0,11.5,16000,1,1,1.0,1,1,train,False,False,False,False
481,e2763678,s143_9,143,9,42,0,9.92,16000,1,1,1.0,1,1,train,False,False,False,False
730,86e2c178,s22_2,22,2,56,0,11.0759375,16000,1,1,1.0,1,1,train,False,False,False,False
582,6b5ae528,s153_5,153,5,38,0,10.94,16000,1,1,1.0,1,1,train,False,False,False,False
378,6b61d817,s134_5,134,5,48,1,7.68,16000,0,0,1.0,1,1,train,False,False,False,False
879,7e427410,s36_3,36,3,28,0,11.192,16000,1,1,1.0,1,1,train,False,False,False,False
1084,eba0c449,s57_3,57,3,45,0,11.122375,16000,1,1,1.0,1,1,train,False,False,False,False
164,b1dc08ec,s114_9,114,9,30,0,5.8,16000,0,0,1.0,0,1,train,False,False,False,False
403,3e47380d,s137_1,137,1,53,0,12.88,16000,1,1,1.0,1,1,train,False,False,False,False
700,37f50c39,s1_2,1,2,49,0,8.96,16000,0,0,1.0,1,1,train,False,False,False,False
789,cd0ec2f7,s28_10,28,10,52,0,11.46,16000,1,1,1.0,1,1,train,False,False,False,False
652,a298aab2,s15_8,15,8,55,0,6.64,16000,0,0,1.0,0,1,train,False,False,False,False
868,89c3d596,s35_2,35,2,57,0,11.9893125,16000,1,1,1.0,1,1,train,False,False,False,False
40,55e34760,s103_10,103,10,38,0,10.36,16000,1,1,1.0,1,1,train,False,False,False,False
1340,9041d7c3,s84_1,84,1,33,0,13.2,16000,1,1,1.0,1,1,train,False,False,False,False
550,6303e18c,s150_10,150,10,21,1,9.46,16000,0,0,1.0,1,1,train,False,False,False,False
755,0ff938a1,s24_7,24,7,57,0,14.5,16000,0,1,1.0,0,1,train,False,False,False,False
1377,731315b3,s88_10,88,10,30,0,6.1765,16000,0,0,0.0,0,2,train,False,False,False,False
1076,eb26be16,s56_3,56,3,51,0,11.58,16000,0,1,1.0,0,1,train,False,False,False,False
1025,bf04c397,s50_3,50,3,35,0,7.6858125,16000,0,0,1.0,0,1,train,False,False,False,False
721,f6567dd9,s21_3,21,3,56,0,7.36,16000,0,0,1.0,1,1,train,False,False,False,False
492,461da8cd,s145_1,145,1,16,1,5.5,16000,0,0,0.0,0,1,train,False,False,False,False
438,79eca144,s13_5,13,5,24,1,9.68275,16000,0,1,1.0,0,1,train,False,False,False,False
1037,8a6292c6,s51_6,51,6,14,1,2.54,16000,0,0,0.0,0,1,train,False,False,False,False
878,2f67d6d5,s36_2,36,2,28,0,10.3096875,16000,1,1,1.0,1,1,train,False,False,False,False
591,6d2c0519,s154_5,154,5,60,1,15.296,16000,0,1,1.0,1,1,train,False,False,False,False
1130,f9f95073,s62_6,62,6,47,1,3.18,16000,0,0,0.0,0,1,train,False,False,False,False
200,a6e0be15,s118_6,118,6,14,0,8.42,16000,0,0,1.0,0,1,train,False,False,False,False
1496,2a3ea494,s99_3,99,3,52,0,9.84,16000,1,1,1.0,1,1,train,False,False,False,False
1175,ce98e983,s67_5,67,5,11,1,7.62,16000,0,1,1.0,0,1,train,False,False,False,False
76,89e02b54,s106_7,106,7,40,0,6.42,16000,0,0,1.0,0,1,train,False,False,False,False
1208,68488a9d,s70_4,70,4,22,0,3.44,16000,0,0,0.0,0,1,train,False,False,False,False
121,3b3ced67,s110_3,110,3,27,1,12.62,16000,1,1,1.0,1,1,train,False,False,False,False
747,05302394,s23_9,23,9,51,0,11.5403125,16000,0,1,1.0,0,1,train,False,False,False,False
994,cc0bf040,s48_1,48,1,12,0,11.32,16000,0,1,1.0,0,1,train,False,False,False,False
1236,b3eb6ebd,s73_2,73,2,11,0,6.42,16000,0,1,1.0,0,1,train,False,False,False,False
898,c4b0e378,s38_2,38,2,42,0,5.02,16000,0,0,0.0,0,1,train,False,False,False,False
57,a80323bf,s104_8,104,8,40,0,10.42575,16000,1,1,1.0,1,1,train,False,False,False,False
941,dca4be95,s41_7,41,7,53,0,10.74,16000,0,1,1.0,0,1,train,False,False,False,False
992,defa3d94,s47_8,47,8,16,0,4.9775,16000,0,0,0.0,0,1,train,False,False,False,False
1106,9ce141f8,s5_6,5,6,20,1,7.4625,16000,0,0,1.0,1,1,train,False,False,False,False
1039,f6b9fb34,s51_8,51,8,14,1,2.74,16000,0,0,0.0,0,1,train,False,False,False,False
225,369bf704,s120_2,120,2,60,0,10.26,16000,1,1,1.0,1,1,train,False,False,False,False
3,d3373713,s0_3,0,3,14,1,7.36,16000,0,0,1.0,1,1,train,False,False,False,False
503,8f2b368f,s146_10,146,10,53,0,9.376,16000,0,1,1.0,0,1,train,False,False,False,False
887,161a098e,s37_10,37,10,30,0,10.92,16000,1,1,1.0,1,1,train,False,False,False,False
1479,108a8d35,s97_6,97,6,62,1,11.28,16000,1,1,1.0,1,1,train,False,False,False,False
595,2fa0807d,s154_9,154,9,60,1,11.6693125,16000,0,0,1.0,1,1,train,False,False,False,False
537,ac1a3e2d,s149_8,149,8,17,1,9.792,16000,0,0,1.0,0,1,train,False,False,False,False
1102,90a66fa9,s5_2,5,2,20,1,7.9185,16000,1,1,1.0,1,1,train,False,False,False,False
606,7fe073b6,s156_2,156,2,54,0,11.14,16000,0,1,1.0,0,1,train,False,False,False,False
404,d7840980,s137_10,137,10,53,0,14.3,16000,1,1,1.0,1,1,train,False,False,False,False
612,8bec4a3e,s156_8,156,8,54,0,11.9,16000,0,1,1.0,0,1,train,False,False,False,False
1120,215f618d,s61_5,61,5,51,0,7.72,16000,0,0,0.0,0,1,train,False,False,False,False
648,2b0e348a,s15_4,15,4,55,0,6.52,16000,0,0,1.0,0,1,train,False,False,False,False
381,d7562f7d,s134_8,134,8,48,1,8.04,16000,0,0,1.0,1,1,train,False,False,False,False
1098,e91d27da,s59_3,59,3,14,0,7.8,16000,0,0,1.0,0,1,train,False,False,False,False
1024,25c7801b,s50_2,50,2,35,0,7.848375,16000,0,0,0.0,0,1,train,False,False,False,False
1017,5e2a4226,s4_5,4,5,48,0,13.84,16000,1,1,1.0,1,1,train,False,False,False,False
431,c86abc93,s139_8,139,8,31,0,9.24,16000,1,1,1.0,1,1,train,False,False,False,False
340,9e41b933,s130_7,130,7,28,0,10.1,16000,0,1,1.0,0,1,train,False,False,False,False
1013,f087b221,s4_10,4,10,48,0,11.08,16000,1,1,1.0,1,1,train,False,False,False,False
779,8e238551,s27_10,27,10,68,0,9.46,16000,0,0,1.0,0,1,train,False,False,False,False
1134,38108918,s63_10,63,10,30,0,12.42,16000,1,1,1.0,1,1,train,False,False,False,False
231,af220a7e,s120_8,120,8,60,0,10.92,16000,1,1,1.0,1,1,train,False,False,False,False
1008,30bbf584,s49_6,49,6,57,0,5.62,16000,0,0,0.0,0,1,train,False,False,False,False
1112,08b7af89,s60_6,60,6,12,0,8.26,16000,0,0,1.0,0,1,train,False,False,False,False
720,06161012,s21_2,21,2,56,0,7.48,16000,0,0,1.0,0,1,train,False,False,False,False
1184,c17a9403,s68_9,68,9,53,1,10.7973125,16000,0,1,1.0,0,1,train,False,False,False,False
1378,2f9d9c66,s88_2,88,2,30,0,8.5681875,16000,0,0,0.0,0,1,train,False,False,False,False
745,f29e454b,s23_7,23,7,51,0,10.4721875,16000,0,1,1.0,0,1,train,False,False,False,False
62,d9e53292,s105_3,105,3,51,0,10.9830625,16000,1,1,1.0,1,1,train,False,False,False,False
724,41dfdff2,s21_6,21,6,56,0,8.28,16000,0,0,1.0,1,1,train,False,False,False,False
640,1f9e1dc1,s159_6,159,6,22,1,11.84,16000,1,1,1.0,1,1,train,False,False,False,False
1083,1620943c,s57_2,57,2,45,0,10.5883125,16000,1,1,1.0,1,1,train,False,False,False,False
788,0b465ddb,s28_1,28,1,52,0,11.26,16000,1,1,1.0,1,1,train,False,False,False,False
1501,078074b6,s99_8,99,8,52,0,10.44,16000,1,1,1.0,1,1,train,False,False,False,False
1387,e6ba41df,s89_2,89,2,62,1,14.2,16000,1,1,1.0,1,1,train,False,False,False,False
766,ff1ac363,s25_8,25,8,60,0,9.6,16000,0,1,1.0,0,1,train,False,False,False,False
1379,ccd69312,s88_3,88,3,30,0,5.0619375,16000,0,0,0.0,0,1,train,False,False,False,False
1495,27d6e33e,s99_2,99,2,52,0,9.42,16000,1,1,1.0,1,1,train,False,False,False,False
1047,fb2fbccd,s52_7,52,7,8,0,5.24,16000,0,0,0.0,0,1,train,False,False,False,False
13,8aafebec,s100_3,100,3,43,0,11.702875,16000,0,0,1.0,1,1,train,False,False,False,False
1214,5e307625,s71_1,71,1,40,0,13.2,16000,1,1,1.0,1,1,train,False,False,False,False
233,2a98cdd1,s121_1,121,1,30,0,9.8,16000,0,0,0.0,0,1,train,False,False,False,False
750,3c43651e,s24_2,24,2,57,0,13.86,16000,0,1,1.0,0,1,train,False,False,False,False
1042,04aeaebc,s52_2,52,2,8,0,5.84,16000,0,0,0.0,0,1,train,False,False,False,False
736,d52d6699,s22_8,22,8,46,0,13.0031875,16000,1,1,1.0,1,1,train,False,False,False,False
1478,b2c1c10b,s97_5,97,5,62,1,10.12,16000,1,1,1.0,1,1,train,False,False,False,False
693,0e26363f,s19_5,19,5,48,0,11.3,16000,1,1,1.0,1,1,train,False,False,False,False
211,942d54b6,s119_8,119,8,10,0,3.42,16000,0,0,0.0,0,1,train,False,False,False,False
402,f7d64751,s136_9,136,9,42,0,7.26,16000,0,0,0.0,0,1,train,False,False,False,False
732,040b9ef6,s22_4,22,4,46,0,10.7973125,16000,1,1,1.0,1,1,train,False,False,False,False
389,288d319b,s135_6,135,6,48,0,7.46,16000,1,1,1.0,1,1,train,False,False,False,False
894,09414ada,s37_8,37,8,30,0,12.08,16000,1,1,1.0,1,1,train,False,False,False,False
997,c71ac753,s48_4,48,4,12,0,11.42,16000,0,1,1.0,0,1,train,False,False,False,False
349,cb842f61,s131_6,131,6,22,0,6.02,16000,0,0,1.0,0,1,train,False,False,False,False
1079,49b092d9,s56_6,56,6,51,0,11.68,16000,0,1,1.0,0,1,train,False,False,False,False
1274,aaeb08e3,s77_2,77,2,8,1,8.14,16000,0,0,0.0,0,1,train,False,False,False,False
1437,d24dc6e4,s93_4,93,4,20,0,16.8345,16000,1,1,1.0,1,1,train,False,False,False,False
840,5054099b,s32_4,32,4,55,0,5.32,16000,0,0,0.0,0,1,train,False,False,False,False
515,49030b98,s147_3,147,3,18,1,10.4,16000,0,0,1.0,1,1,train,False,False,False,False
940,691a2a9e,s41_6,41,6,53,0,10.66,16000,0,1,1.0,0,1,train,False,False,False,False
1040,ed2b76c2,s51_9,51,9,14,1,2.52,16000,0,0,0.0,0,1,train,False,False,False,False
252,27239044,s122_9,122,9,47,0,7.2214375,16000,0,0,0.0,0,1,train,False,False,False,False
12,e7e97d4e,s100_2,100,2,43,0,11.517125,16000,0,0,1.0,1,1,train,False,False,False,False
1330,9e726a3f,s83_1,83,1,25,1,9.5,16000,1,1,1.0,1,1,train,False,False,False,False
855,1b10b55c,s33_9,33,9,21,0,3.7,16000,0,0,0.0,0,1,train,False,False,False,False
429,1abbcca8,s139_6,139,6,31,0,9.7,16000,1,1,1.0,1,1,train,False,False,False,False
1141,65eb7814,s63_8,63,8,30,0,12.34,16000,1,1,1.0,1,1,train,False,False,False,False
488,f431f960,s144_6,144,6,51,0,8.32,16000,1,1,1.0,1,1,train,False,False,False,False
1036,90e3efdd,s51_5,51,5,14,1,2.86,16000,0,0,0.0,0,1,train,False,False,False,False
75,b410cfb5,s106_6,106,6,40,0,6.24,16000,0,0,1.0,0,1,train,False,False,False,False
1336,a0e17ff8,s83_6,83,6,25,1,9.14,16000,1,1,1.0,1,1,train,False,False,False,False
341,6c6e9b3e,s130_8,130,8,28,0,9.6,16000,0,1,1.0,0,1,train,False,False,False,False
613,e1414630,s156_9,156,9,54,0,11.46,16000,0,1,1.0,0,1,train,False,False,False,False
236,7dacda8a,s121_3,121,3,30,0,8.26,16000,0,0,0.0,0,1,train,False,False,False,False
597,e5b76280,s155_2,155,2,60,1,14.0373125,16000,1,1,1.0,1,1,train,False,False,False,False
1221,63ed9c6e,s71_7,71,7,40,0,10.82,16000,1,1,1.0,1,1,train,False,False,False,False
1092,81466e67,s58_4,58,4,55,0,10.82,16000,1,1,1.0,1,1,train,False,False,False,False
617,9a35803b,s157_3,157,3,29,1,14.3035,16000,1,1,1.0,1,1,train,False,False,False,False
988,4bbee652,s47_4,47,4,16,0,4.4145,16000,0,0,0.0,0,1,train,False,False,False,False
989,b48aba73,s47_5,47,5,16,0,4.9775,16000,0,0,0.0,0,1,train,False,False,False,False
1086,8b2f195e,s57_5,57,5,45,0,11.6331875,16000,1,1,1.0,1,2,train,False,False,False,False
530,39792342,s149_1,149,1,17,1,9.6,16000,0,0,1.0,0,1,train,False,False,False,False
590,ce8f1360,s154_4,154,4,60,1,13.3973125,16000,0,0,1.0,1,1,train,False,False,False,False
949,5e85c967,s42_6,42,6,66,0,12.56,16000,0,1,1.0,0,1,train,False,False,False,False
743,58d11f25,s23_5,23,5,51,0,10.3793125,16000,0,1,1.0,0,1,train,False,False,False,False
61,b1da6c7e,s105_2,105,2,51,0,10.8901875,16000,1,1,1.0,1,1,train,False,False,False,False
615,aae4c45a,s157_10,157,10,29,1,12.097625,16000,1,1,1.0,1,1,train,False,False,False,False
920,5f3e97a8,s3_4,3,4,63,0,11.76,16000,1,1,1.0,1,1,train,False,False,False,False
317,b2097f37,s129_4,129,4,33,0,15.54,16000,1,1,1.0,1,1,train,False,False,False,False
598,e9c2fbfb,s155_3,155,3,60,1,14.592,16000,1,1,1.0,1,1,train,False,False,False,False
475,4656f58e,s143_3,143,3,42,0,9.68,16000,1,1,1.0,1,1,train,False,False,False,False
480,9fa4832d,s143_8,143,8,42,0,9.84,16000,1,1,1.0,1,1,train,False,False,False,False
987,b022c276,s47_3,47,3,16,0,4.6385,16000,0,0,0.0,0,1,train,False,False,False,False
1065,819f937f,s55_10,55,10,41,0,10.76,16000,1,1,1.0,1,1,train,False,False,False,False
1028,0be9d5c2,s50_6,50,6,35,0,8.3591875,16000,0,0,0.0,0,3,train,False,False,False,False
897,6ff91d57,s38_10,38,10,42,0,6.28,16000,0,0,0.0,0,1,train,False,False,False,False
1318,ff470ebe,s81_3,81,3,5,0,5.24,16000,0,0,0.0,0,1,train,False,False,False,False
900,4c3909da,s38_4,38,4,42,0,5.06,16000,0,0,0.0,0,1,train,False,False,False,False
313,33321dae,s129_1,129,1,33,0,14.76,16000,1,1,1.0,1,1,train,False,False,False,False
593,b4b683c3,s154_7,154,7,60,1,13.1626875,16000,1,0,1.0,1,1,train,False,False,False,False
533,0f01e865,s149_4,149,4,17,1,9.536,16000,0,0,1.0,0,1,train,False,False,False,False
274,fbcb4f57,s125_10,125,10,43,0,10.54,16000,1,1,1.0,1,1,train,False,False,False,False
400,72c066bd,s136_7,136,7,42,0,7.8,16000,0,0,0.0,0,1,train,False,False,False,False
243,a6e05f6c,s122_1,122,1,47,0,8.127,16000,0,0,0.0,0,1,train,False,False,False,False
1010,6bb35adf,s49_8,49,8,57,0,5.64,16000,0,0,0.0,0,1,train,False,False,False,False
203,8b188067,s119_1,119,1,10,0,4.58,16000,0,0,0.0,0,1,train,False,False,False,False
783,a5e98d69,s27_5,27,5,68,0,9.66,16000,0,0,1.0,0,1,train,False,False,False,False
478,052b579f,s143_6,143,6,42,0,9.92,16000,1,1,1.0,1,1,train,False,False,False,False
711,ee36d1e7,s20_3,20,3,42,0,10.96,16000,1,1,1.0,1,1,train,False,False,False,False
6,2996201c,s0_6,0,6,14,1,6.7,16000,0,0,1.0,1,1,train,False,False,False,False
998,b94d7ded,s48_5,48,5,12,0,13.24,16000,0,1,1.0,0,1,train,False,False,False,False
796,ff871ca8,s28_8,28,8,52,0,11.04,16000,1,1,1.0,1,1,train,False,False,False,False
1018,082eedb0,s4_6,4,6,48,0,10.7,16000,1,1,1.0,1,1,train,False,False,False,False
407,23a55e82,s137_4,137,4,53,0,12.92,16000,1,1,1.0,1,1,train,False,False,False,False
694,67a21d26,s19_6,19,6,48,0,11.56,16000,1,1,1.0,1,1,train,False,False,False,False
739,79835c51,s23_10,23,10,51,0,10.42575,16000,0,1,1.0,0,1,train,False,False,False,False
646,0ab8f259,s15_2,15,2,55,0,8.0,16000,0,0,1.0,0,1,train,False,False,False,False
1104,036c6fff,s5_4,5,4,20,1,7.3505,16000,0,0,1.0,1,1,train,False,False,False,False
348,1324d689,s131_5,131,5,22,0,6.74,16000,0,0,1.0,0,1,train,False,False,False,False
588,1763e323,s154_2,154,2,60,1,14.4426875,16000,0,0,1.0,1,1,train,False,False,False,False
836,3f674993,s32_1,32,1,55,0,5.28,16000,0,0,0.0,0,1,train,False,False,False,False
1113,89eeb4fb,s60_7,60,7,12,0,7.84,16000,0,0,1.0,0,2,train,False,False,False,False
1105,51ab495c,s5_5,5,5,20,1,7.3505,16000,0,0,1.0,1,1,train,False,False,False,False
733,58e7112b,s22_5,22,5,46,0,11.4474375,16000,1,1,1.0,1,1,train,False,False,False,False
1343,efaea5cf,s84_3,84,3,33,0,12.08,16000,1,1,1.0,1,1,train,False,False,False,False
72,0230d8ae,s106_3,106,3,40,0,7.04,16000,0,0,1.0,0,1,train,False,False,False,False
73,35828cab,s106_4,106,4,40,0,6.64,16000,0,0,1.0,0,1,train,False,False,False,False
555,eefa6244,s150_6,150,6,21,1,9.42,16000,0,0,1.0,1,1,train,False,False,False,False
412,9f6519ad,s137_9,137,9,53,0,13.46,16000,1,1,1.0,1,1,train,False,False,False,False
635,2cff50ed,s159_10,159,10,22,1,11.8,16000,1,1,1.0,1,1,train,False,False,False,False
701,093b5186,s1_3,1,3,49,0,8.1,16000,0,0,1.0,1,1,train,False,False,False,False
159,d591d76c,s114_4,114,4,30,0,6.52,16000,0,0,1.0,0,1,train,False,False,False,False
230,89f08322,s120_7,120,7,60,0,9.9,16000,1,1,1.0,1,1,train,False,False,False,False
723,599d7a94,s21_5,21,5,56,0,8.38,16000,0,0,1.0,1,1,train,False,False,False,False
42,2c33f7df,s103_3,103,3,38,0,12.3093125,16000,1,1,1.0,1,1,train,False,False,False,False
1129,2a647943,s62_5,62,5,47,1,3.28,16000,0,0,0.0,0,1,train,False,False,False,False
1482,c812391c,s97_9,97,9,62,1,9.76,16000,1,1,1.0,1,1,train,False,False,False,False
662,0a31bccc,s160_8,160,8,21,1,11.78,16000,1,1,1.0,1,1,train,False,False,False,False
628,7e2ca366,s158_4,158,4,24,1,11.3706875,16000,0,1,1.0,0,1,train,False,False,False,False
281,8c94c5bd,s125_8,125,8,43,0,10.12,16000,1,1,1.0,1,1,train,False,False,False,False
1132,33fe539c,s62_8,62,8,47,1,3.56,16000,0,0,0.0,0,1,train,False,False,False,False
1069,c5f90f8c,s55_5,55,5,41,0,10.38,16000,1,1,1.0,1,1,train,False,False,False,False
1000,f1cc8378,s48_7,48,7,12,0,9.28,16000,0,1,1.0,0,1,train,False,False,False,False
1038,42e47f12,s51_7,51,7,14,1,2.56,16000,0,0,0.0,0,1,train,False,False,False,False
1276,5bd941ad,s77_4,77,4,8,1,8.74,16000,0,0,0.0,0,1,train,False,False,False,False
849,d89c350a,s33_3,33,3,21,0,4.0,16000,0,0,0.0,0,1,train,False,False,False,False
626,329cd8cd,s158_2,158,2,24,1,12.864,16000,0,0,1.0,1,1,train,False,False,False,False
866,f6f73fa4,s35_1,35,1,57,0,10.048,16000,1,1,1.0,1,1,train,False,False,False,False
41,7879f0b2,s103_2,103,2,38,0,12.5013125,16000,1,1,1.0,1,1,train,False,False,False,False
712,a6a36a24,s20_4,20,4,42,0,11.12,16000,1,1,1.0,1,1,train,False,False,False,False
1174,d112377b,s67_4,67,4,11,1,7.88,16000,0,0,1.0,0,1,train,False,False,False,False
1095,163fa3d4,s58_7,58,7,55,0,10.48,16000,1,1,1.0,1,1,train,False,False,False,False
689,0cf9fd45,s19_10,19,10,48,0,11.14,16000,1,1,1.0,1,1,train,False,False,False,False
51,911a2b79,s104_2,104,2,40,0,10.5650625,16000,1,1,1.0,1,1,train,False,False,False,False
479,7cdc6dad,s143_7,143,7,42,0,9.8,16000,1,1,1.0,1,1,train,False,False,False,False
123,3e4838a9,s110_5,110,5,27,1,12.28,16000,1,1,1.0,1,1,train,False,False,False,False
1117,4ffb58af,s61_2,61,2,51,0,10.16,16000,0,1,0.0,0,1,train,False,False,False,False
604,45cafcb6,s156_1,156,1,54,0,11.42,16000,0,1,1.0,0,1,train,False,False,False,False
611,29384bdf,s156_7,156,7,54,0,11.32,16000,0,1,1.0,0,1,train,False,False,False,False
585,369a4731,s153_8,153,8,38,0,10.18,16000,1,1,1.0,1,1,train,False,False,False,False
599,5e2b477f,s155_4,155,4,60,1,14.2506875,16000,1,1,1.0,1,1,train,False,False,False,False
1107,ee97ac6d,s60_1,60,1,12,0,7.32,16000,0,0,1.0,0,1,train,False,False,False,False
1136,dae3f1f4,s63_3,63,3,30,0,13.0,16000,1,1,1.0,1,1,train,False,False,False,False
592,dcfc879d,s154_6,154,6,60,1,14.2506875,16000,1,1,1.0,1,1,train,False,False,False,False
963,52779efe,s44_5,44,5,35,0,7.54,16000,0,0,1.0,0,1,train,False,False,False,False
942,1a01fae0,s41_8,41,8,53,0,11.38,16000,0,1,1.0,0,1,train,False,False,False,False
368,b622599f,s133_5,133,5,49,0,8.28,16000,1,1,1.0,1,1,train,False,False,False,False
202,f7e3b4f3,s118_8,118,8,14,0,8.48,16000,0,0,1.0,0,1,train,False,False,False,False
352,8543b3ce,s131_9,131,9,22,0,5.5,16000,0,0,1.0,0,1,train,False,False,False,False
658,f13a7d5b,s160_4,160,4,21,1,12.22,16000,1,1,1.0,1,1,train,False,False,False,False
583,fae06fcc,s153_6,153,6,38,0,10.94,16000,1,1,1.0,1,1,train,False,False,False,False
931,586e1782,s40_6,40,6,25,0,4.92,16000,0,0,1.0,1,1,train,False,False,False,False
586,2ffc8bc3,s153_9,153,9,38,0,10.26,16000,1,1,1.0,1,1,train,False,False,False,False
607,a6ba5965,s156_3,156,3,54,0,11.22,16000,0,1,1.0,0,1,train,False,False,False,False
1391,6a5fb951,s89_6,89,6,62,1,16.4,16000,1,1,1.0,1,1,train,False,False,False,False
752,f3a72a80,s24_4,24,4,57,0,14.88,16000,0,1,1.0,0,1,train,False,False,False,False
114,289cbb94,s10_6,10,6,40,1,10.2613125,16000,0,0,1.0,0,1,train,False,False,False,False
142,b29c51ac,s112_5,112,5,25,1,8.68,16000,0,0,1.0,0,1,train,False,False,False,False
204,cf07e6fd,s119_10,119,10,10,0,4.44,16000,0,0,0.0,0,1,train,False,False,False,False
374,8d0cd83c,s134_10,134,10,48,1,8.04,16000,0,0,1.0,1,1,train,False,False,False,False
850,874f9434,s33_4,33,4,21,0,4.6,16000,0,0,0.0,0,1,train,False,False,False,False
227,196d7fad,s120_4,120,4,60,0,10.56,16000,1,1,1.0,1,1,train,False,False,False,False
273,bc0d92a1,s125_1,125,1,43,0,9.92,16000,1,1,1.0,1,1,train,False,False,False,False
519,0509e77a,s147_7,147,7,18,1,10.048,16000,0,0,1.0,1,1,train,False,False,False,False
1445,8bcac2a2,s94_2,94,2,23,0,10.750875,16000,1,1,1.0,1,1,train,False,False,False,False
899,cc2ae77e,s38_3,38,3,42,0,6.48,16000,0,0,0.0,0,1,train,False,False,False,False
385,877bbd09,s135_2,135,2,48,0,7.5,16000,1,1,1.0,1,1,train,False,False,False,False
1075,20d8404a,s56_2,56,2,51,0,11.72,16000,0,1,1.0,0,1,train,False,False,False,False
206,91bd23f8,s119_3,119,3,10,0,4.46,16000,0,0,0.0,0,1,train,False,False,False,False
951,c00ac906,s42_8,42,8,66,0,13.6,16000,0,1,1.0,0,1,train,False,False,False,False
336,9e0783c7,s130_3,130,3,28,0,9.5,16000,0,1,1.0,0,1,train,False,False,False,False
922,248d73be,s3_6,3,6,63,0,10.74,16000,1,1,1.0,1,1,train,False,False,False,False
601,6bcea555,s155_6,155,6,60,1,13.696,16000,1,1,1.0,1,1,train,False,False,False,False
757,f7c99848,s24_9,24,9,57,0,14.66,16000,0,1,1.0,0,1,train,False,False,False,False
1499,71bef8e1,s99_6,99,6,52,0,9.6,16000,1,1,1.0,1,1,train,False,False,False,False
761,0b379998,s25_3,25,3,60,0,8.66,16000,0,1,1.0,0,1,train,False,False,False,False
334,9da67a22,s130_10,130,10,28,0,10.94,16000,0,1,1.0,0,1,train,False,False,False,False
544,b54aa126,s14_5,14,5,27,0,11.98,16000,0,0,1.0,0,1,train,False,False,False,False
741,f8eafa42,s23_3,23,3,51,0,11.7493125,16000,0,1,1.0,0,1,train,False,False,False,False
751,18078f8a,s24_3,24,3,57,0,13.66,16000,0,1,1.0,0,1,train,False,False,False,False
1433,fe6d62ec,s92_9,92,9,51,1,11.0293125,16000,1,1,1.0,1,1,train,False,False,False,False
229,352e6f3d,s120_6,120,6,60,0,9.66,16000,1,1,1.0,1,1,train,False,False,False,False
502,bca968da,s146_1,146,1,53,0,8.768,16000,0,1,1.0,0,1,train,False,False,False,False
1097,c6e66939,s59_2,59,2,14,0,7.62,16000,0,0,1.0,0,1,train,False,False,False,False
141,3cd6edf4,s112_4,112,4,25,1,8.06,16000,0,0,1.0,0,1,train,False,False,False,False
1019,f3b208b2,s4_7,4,7,48,0,10.24,16000,1,1,1.0,1,1,train,False,False,False,False
702,ec30089a,s1_4,1,4,49,0,7.62,16000,0,0,1.0,1,1,train,False,False,False,False
69,e7401662,s106_1,106,1,40,0,6.84,16000,0,0,1.0,0,1,train,False,False,False,False
839,030d16ac,s32_3,32,3,55,0,6.1,16000,0,0,0.0,0,1,train,False,False,False,False
250,dcb102d1,s122_7,122,7,47,0,7.3143125,16000,0,0,0.0,0,1,train,False,False,False,False
473,9edc7580,s143_10,143,10,42,0,10.38,16000,1,1,1.0,1,1,train,False,False,False,False
391,c01b3f5f,s135_8,135,8,48,0,8.06,16000,1,1,1.0,1,1,train,False,False,False,False
984,8eeb68fa,s47_1,47,1,16,0,4.9775,16000,0,0,0.0,0,1,train,False,False,False,False
758,e27ddd60,s25_1,25,1,60,0,8.0,16000,0,1,1.0,0,1,train,False,False,False,False
495,7a4ae886,s145_3,145,3,16,1,4.2,16000,0,0,0.0,0,1,train,False,False,False,False
1277,3eb6fbd5,s77_5,77,5,8,1,7.58,16000,0,0,0.0,0,1,train,False,False,False,False
1080,abea9027,s56_7,56,7,51,0,11.44,16000,0,1,1.0,0,1,train,False,False,False,False
1448,a817e772,s94_5,94,5,23,0,10.24,16000,1,1,1.0,1,1,train,False,False,False,False
1005,fa590062,s49_3,49,3,57,0,5.44,16000,0,0,0.0,0,1,train,False,False,False,False
778,2f60ca80,s27_1,27,1,68,0,10.72,16000,0,0,1.0,0,1,train,False,False,False,False
738,9ee15931,s23_1,23,1,51,0,11.122375,16000,0,1,1.0,0,1,train,False,False,False,False
952,5a4192b3,s42_9,42,9,66,0,14.26,16000,0,1,1.0,0,1,train,False,False,False,False
1131,a665b30b,s62_7,62,7,47,1,3.52,16000,0,0,0.0,0,1,train,False,False,False,False
493,b70c9113,s145_10,145,10,16,1,3.86,16000,0,0,0.0,0,1,train,False,False,False,False
245,e382627d,s122_2,122,2,47,0,9.26475,16000,0,0,0.0,0,1,train,False,False,False,False
507,1f5647ad,s146_5,146,5,53,0,10.208,16000,0,1,1.0,0,1,train,False,False,False,False
1338,4c3959b2,s83_8,83,8,25,1,8.44,16000,1,1,1.0,1,1,train,False,False,False,False
118,aa4e630d,s110_1,110,1,27,1,10.96,16000,0,0,1.0,1,1,train,False,False,False,False
1384,99cfe03b,s88_8,88,8,30,0,7.0356875,16000,0,0,0.0,0,1,train,False,False,False,False
892,cb71d300,s37_6,37,6,30,0,12.42,16000,1,1,1.0,1,1,train,False,False,False,False
424,4522bafa,s139_10,139,10,31,0,10.32,16000,1,1,1.0,1,1,train,False,False,False,False
1312,9d66bbd2,s80_6,80,6,53,0,9.28,16000,1,1,1.0,1,1,train,False,False,False,False
1071,1e9fb084,s55_7,55,7,41,0,10.58,16000,1,1,1.0,1,1,train,False,False,False,False
901,188ae6b6,s38_5,38,5,42,0,4.58,16000,0,0,0.0,0,3,train,False,False,False,False
234,6a22d5b8,s121_10,121,10,30,0,9.9,16000,0,0,0.0,0,2,train,False,False,False,False
1212,1ba76914,s70_8,70,8,22,0,2.9,16000,0,0,0.0,0,1,train,False,False,False,False
620,a5c34253,s157_6,157,6,29,1,13.049625,16000,1,1,1.0,1,1,train,False,False,False,False
805,0499f7cc,s29_7,29,7,50,0,8.76,16000,0,0,1.0,1,1,train,False,False,False,False
1230,64f845b7,s72_6,72,6,10,0,8.74,16000,0,0,1.0,0,1,train,False,False,False,False
1009,bcaf4226,s49_7,49,7,57,0,5.86,16000,0,0,0.0,0,1,train,False,False,False,False
315,0468ce2b,s129_2,129,2,33,0,13.12,16000,1,1,1.0,1,1,train,False,False,False,False
1348,caff6897,s84_8,84,8,33,0,11.22,16000,1,1,1.0,1,1,train,False,False,False,False
244,249f4ecb,s122_10,122,10,47,0,6.9891875,16000,0,0,0.0,0,1,train,False,False,False,False
943,19011e89,s42_1,42,1,66,0,12.3,16000,0,1,1.0,0,1,train,False,False,False,False
549,af7e13ff,s150_1,150,1,21,1,9.2,16000,0,0,1.0,0,1,train,False,False,False,False
489,7f93c6ba,s144_7,144,7,51,0,8.62,16000,1,1,1.0,1,1,train,False,False,False,False
1140,41223cd9,s63_7,63,7,30,0,12.54,16000,1,1,1.0,1,1,train,False,False,False,False
621,e748a17f,s157_7,157,7,29,1,15.1161875,16000,1,1,1.0,1,1,train,False,False,False,False
318,e15e9bf2,s129_5,129,5,33,0,13.84,16000,1,1,1.0,1,1,train,False,False,False,False
746,26caa309,s23_8,23,8,51,0,11.21525,16000,0,1,1.0,0,1,train,False,False,False,False
655,0088066b,s160_10,160,10,21,1,11.28,16000,0,0,1.0,1,1,train,False,False,False,False
9,ba21883a,s0_9,0,9,14,1,6.9,16000,0,0,1.0,1,1,train,False,False,False,False
1115,fce34125,s61_1,61,1,51,0,7.08,16000,0,1,0.0,0,1,train,False,False,False,False
435,775ccd14,s13_2,13,2,24,1,9.6363125,16000,0,1,1.0,0,1,train,False,False,False,False
1388,070d67c1,s89_3,89,3,62,1,14.82,16000,1,1,1.0,1,1,train,False,False,False,False
68,a025479a,s105_9,105,9,51,0,11.0759375,16000,1,1,1.0,1,1,train,False,False,False,False
1022,22b07cbd,s50_1,50,1,35,0,7.7786875,16000,0,0,0.0,0,1,train,False,False,False,False
1091,ac8d2cea,s58_3,58,3,55,0,12.08,16000,1,1,1.0,1,1,train,False,False,False,False
765,4dfd6405,s25_7,25,7,60,0,8.86,16000,0,1,1.0,0,1,train,False,False,False,False
10,2ee60a0c,s100_1,100,1,43,0,10.913375,16000,0,0,1.0,1,1,train,False,False,False,False
847,6d8234ae,s33_10,33,10,21,0,3.9,16000,0,0,0.0,0,1,train,False,False,False,False
477,55eb6e77,s143_5,143,5,42,0,9.8,16000,1,1,1.0,1,1,train,False,False,False,False
853,902a9087,s33_7,33,7,21,0,3.98,16000,0,0,0.0,0,1,train,False,False,False,False
4,785e816f,s0_4,0,4,14,1,7.34,16000,0,0,1.0,1,1,train,False,False,False,False
870,fc16b18f,s35_4,35,4,57,0,9.344,16000,1,1,1.0,1,1,train,False,False,False,False
280,d895b3b1,s125_7,125,7,43,0,9.66,16000,1,1,1.0,1,1,train,False,False,False,False
787,baf97c3d,s27_9,27,9,68,0,8.48,16000,0,0,1.0,0,1,train,False,False,False,False
71,1c0b81b0,s106_2,106,2,40,0,6.52,16000,0,0,1.0,0,1,train,False,False,False,False
1121,110f69c6,s61_6,61,6,51,0,6.8,16000,0,0,0.0,0,1,train,False,False,False,False
394,f666180b,s136_10,136,10,42,0,7.14,16000,0,0,0.0,0,1,train,False,False,False,False
160,01fe0db7,s114_5,114,5,30,0,5.46,16000,0,0,1.0,0,1,train,False,False,False,False
735,a90fa798,s22_7,22,7,46,0,10.4025625,16000,1,1,1.0,1,1,train,False,False,False,False
710,9fe8691f,s20_2,20,2,42,0,11.28,16000,1,1,1.0,1,1,train,False,False,False,False
1441,c0d4482e,s93_8,93,8,20,0,13.072875,16000,1,1,1.0,1,1,train,False,False,False,False
279,60e610f3,s125_6,125,6,43,0,9.64,16000,1,1,1.0,1,1,train,False,False,False,False
143,1cf76bf3,s112_6,112,6,25,1,9.4,16000,0,0,1.0,0,1,train,False,False,False,False
1073,dd72333c,s55_9,55,9,41,0,10.3,16000,1,1,1.0,1,1,train,False,False,False,False
346,99269d18,s131_3,131,3,22,0,5.46,16000,0,0,1.0,0,1,train,False,False,False,False
1213,864aa858,s70_9,70,9,22,0,2.96,16000,0,0,0.0,0,1,train,False,False,False,False
1070,e30c5020,s55_6,55,6,41,0,10.6,16000,1,1,1.0,1,1,train,False,False,False,False
580,c6e3e449,s153_3,153,3,38,0,9.72,16000,0,0,1.0,0,1,train,False,False,False,False
1399,ab73e0f6,s8_4,8,4,16,1,11.0526875,16000,1,1,1.0,1,1,train,False,False,False,False
1109,56d0b4a1,s60_3,60,3,12,0,11.2,16000,0,0,1.0,0,1,train,False,False,False,False
408,166e51e7,s137_5,137,5,53,0,13.5,16000,1,1,1.0,1,1,train,False,False,False,False
1020,97ba935f,s4_8,4,8,48,0,10.72,16000,1,1,1.0,1,1,train,False,False,False,False
237,3585858d,s121_4,121,4,30,0,8.9,16000,0,0,0.0,0,2,train,False,False,False,False
845,ae606ad9,s32_9,32,9,55,0,4.8,16000,0,0,0.0,0,1,train,False,False,False,False
958,5bbb6309,s43_6,43,6,8,0,9.8,16000,0,0,0.0,0,1,train,False,False,False,False
1046,e385b161,s52_6,52,6,8,0,4.28,16000,0,0,0.0,0,1,train,False,False,False,False
1480,ce67772a,s97_7,97,7,62,1,11.12,16000,1,1,1.0,1,1,train,False,False,False,False
584,c8f5947a,s153_7,153,7,38,0,11.1,16000,1,1,1.0,1,1,train,False,False,False,False
996,fa06beba,s48_3,48,3,12,0,12.22,16000,0,1,1.0,0,1,train,False,False,False,False
631,fb53f847,s158_7,158,7,24,1,13.12,16000,0,1,1.0,0,1,train,False,False,False,False
440,8a9e070c,s13_7,13,7,24,1,10.1239375,16000,0,1,1.0,0,1,train,False,False,False,False
641,23ce33da,s159_7,159,7,22,1,10.4,16000,0,0,1.0,1,1,train,False,False,False,False
634,9d3cd451,s159_1,159,1,22,1,10.72,16000,0,0,1.0,1,1,train,False,False,False,False
209,db308636,s119_6,119,6,10,0,4.4,16000,0,0,0.0,0,1,train,False,False,False,False
63,a0896ea3,s105_4,105,4,51,0,10.541875,16000,1,1,1.0,1,1,train,False,False,False,False
509,5cf7a013,s146_7,146,7,53,0,9.888,16000,0,1,1.0,0,1,train,False,False,False,False
800,8d5aa0ff,s29_2,29,2,50,0,8.3,16000,1,1,1.0,1,1,train,False,False,False,False
321,98e95e0d,s129_8,129,8,33,0,14.0,16000,1,1,1.0,1,1,train,False,False,False,False
240,5c311296,s121_7,121,7,30,0,7.8,16000,0,0,0.0,0,1,train,False,False,False,False
718,e3bac318,s21_1,21,1,56,0,7.92,16000,1,0,1.0,1,1,train,False,False,False,False
791,467f514f,s28_3,28,3,52,0,11.06,16000,1,1,1.0,1,1,train,False,False,False,False
916,ef62e986,s3_1,3,1,63,0,12.18,16000,1,1,1.0,1,1,train,False,False,False,False
618,de17f317,s157_4,157,4,29,1,13.421125,16000,1,1,1.0,1,1,train,False,False,False,False
367,010878d2,s133_4,133,4,49,0,9.1,16000,1,1,1.0,1,1,train,False,False,False,False
1440,f36435eb,s93_7,93,7,20,0,14.2338125,16000,1,1,1.0,1,1,train,False,False,False,False
127,7dde4820,s110_9,110,9,27,1,11.64,16000,1,1,1.0,1,1,train,False,False,False,False
877,447e8ec3,s36_10,36,10,28,0,10.4025625,16000,1,1,1.0,1,1,train,False,False,False,False
241,0f4f3831,s121_8,121,8,30,0,12.04,16000,0,0,0.0,0,1,train,False,False,False,False
423,b7cd39c1,s139_1,139,1,31,0,10.88,16000,1,1,1.0,1,1,train,False,False,False,False
1207,48fdc1bc,s70_3,70,3,22,0,3.22,16000,0,0,0.0,0,1,train,False,False,False,False
1497,2bdbdaae,s99_4,99,4,52,0,9.72,16000,1,1,1.0,1,1,train,False,False,False,False
804,c2cb9c43,s29_6,29,6,50,0,9.3,16000,1,1,1.0,1,1,train,False,False,False,False
1241,d7f4aeee,s73_7,73,7,11,0,5.4,16000,0,0,1.0,0,1,train,False,False,False,False
802,3e969494,s29_4,29,4,50,0,8.86,16000,1,1,1.0,1,1,train,False,False,False,False
557,deba11ad,s150_8,150,8,21,1,9.44,16000,0,0,1.0,1,1,train,False,False,False,False
934,336b9437,s40_9,40,9,25,0,4.68,16000,0,0,1.0,1,1,train,False,False,False,False
430,1e1c4d03,s139_7,139,7,31,0,9.28,16000,1,1,1.0,1,1,train,False,False,False,False
548,68df1719,s14_9,14,9,27,0,12.18,16000,0,0,1.0,0,1,train,False,False,False,False
1431,07e242a7,s92_7,92,7,51,1,10.8373125,16000,1,1,1.0,1,1,train,False,False,False,False
1044,29f81c08,s52_4,52,4,8,0,3.7,16000,0,0,0.0,0,1,train,False,False,False,False
498,f9a26abb,s145_6,145,6,16,1,3.82,16000,0,0,0.0,0,1,train,False,False,False,False
841,b7172a95,s32_5,32,5,55,0,6.38,16000,0,0,0.0,0,1,train,False,False,False,False
638,5497f00f,s159_4,159,4,22,1,11.86,16000,1,1,1.0,1,1,train,False,False,False,False
924,ad625b41,s3_8,3,8,63,0,11.88,16000,1,1,1.0,1,1,train,False,False,False,False
986,e799b244,s47_2,47,2,16,0,5.6545,16000,0,0,0.0,0,1,train,False,False,False,False
1171,449bd916,s67_1,67,1,11,1,8.38,16000,0,1,1.0,0,1,train,False,False,False,False
1209,41bf85ad,s70_5,70,5,22,0,2.78,16000,0,0,0.0,0,1,train,False,False,False,False
1228,601438d5,s72_4,72,4,10,0,8.74,16000,0,0,1.0,0,1,train,False,False,False,False
815,aab3287b,s2_7,2,7,59,0,8.66,16000,0,0,1.0,1,2,val,False,False,False,False
180,700d2915,s116_5,116,5,17,1,5.22,16000,0,0,0.0,0,1,val,False,False,False,False
1051,91fd19a2,s53_2,53,2,25,1,6.04,16000,0,0,1.0,0,1,val,False,False,False,False
154,5bf661ab,s113_9,113,9,25,1,6.26,16000,0,0,0.0,0,1,val,False,False,False,False
676,19f18f56,s17_7,17,7,50,0,10.7306875,16000,1,1,1.0,1,1,val,False,False,False,False
1262,c6c6ad7b,s75_9,75,9,21,0,6.56,16000,0,0,1.0,0,1,val,False,False,False,False
20,1be2b177,s101_1,101,1,22,0,3.18,16000,0,0,0.0,0,1,val,False,False,False,False
678,41b6b9c2,s17_9,17,9,50,0,10.9226875,16000,1,1,1.0,1,1,val,False,False,False,False
94,6e10cdfc,s108_5,108,5,24,0,8.5,16000,1,1,1.0,1,1,val,False,False,False,False
968,0d21ba28,s45_4,45,4,60,0,7.08,16000,0,1,1.0,0,1,val,False,False,False,False
1373,484bffb0,s87_4,87,4,45,0,10.3,16000,0,1,1.0,0,1,val,False,False,False,False
1055,c77ff357,s53_6,53,6,25,1,7.28,16000,0,0,1.0,0,1,val,False,False,False,False
1305,7a0469bc,s7_9,7,9,50,1,6.4465,16000,0,0,0.0,0,1,val,False,False,False,False
1061,0b28d177,s54_3,54,3,46,0,4.14,16000,0,0,0.0,0,1,val,False,False,False,False
22,8d9b3a47,s101_3,101,3,22,0,3.44,16000,0,0,0.0,0,1,val,False,False,False,False
357,b867b004,s132_4,132,4,24,0,8.76,16000,1,1,1.0,1,1,val,False,False,False,False
1060,74645aa8,s54_2,54,2,46,0,4.14,16000,0,0,0.0,0,1,val,False,False,False,False
817,6b785035,s2_9,2,9,59,0,8.68,16000,0,0,1.0,1,1,val,False,False,False,False
1301,f9abed79,s7_5,7,5,50,1,5.2065,16000,0,0,0.0,0,1,val,False,False,False,False
559,839a0383,s151_1,151,1,35,0,8.5,16000,1,1,1.0,1,1,val,False,False,False,False
687,d95adee0,s18_9,18,9,40,0,10.0,16000,1,1,1.0,1,1,val,False,False,False,False
24,3eb0a8f1,s101_5,101,5,22,0,2.96,16000,0,0,0.0,0,1,val,False,False,False,False
674,042494c8,s17_5,17,5,50,0,13.4826875,16000,1,1,1.0,1,1,val,False,False,False,False
149,e2de680a,s113_4,113,4,25,1,5.98,16000,0,0,0.0,0,1,val,False,False,False,False
1489,e1d4fe5c,s98_6,98,6,13,1,7.5745,16000,0,0,0.0,0,1,val,False,False,False,False
677,2a16ddcd,s17_8,17,8,50,0,12.3306875,16000,1,1,1.0,1,1,val,False,False,False,False
1059,f4a55a5c,s54_1,54,1,46,0,3.6,16000,0,0,0.0,0,1,val,False,False,False,False
1353,ee5bb495,s85_3,85,3,53,1,4.56,16000,0,0,1.0,0,2,val,False,False,False,False
1255,ec0f0f43,s75_2,75,2,21,0,7.0,16000,0,1,1.0,0,1,val,False,False,False,False
1050,24cdec06,s53_10,53,10,25,1,8.12,16000,0,0,0.0,0,1,val,False,False,False,False
1487,7ac4b5f3,s98_4,98,4,13,1,8.1425,16000,0,0,0.0,0,1,val,False,False,False,False
287,928d518d,s126_4,126,4,43,0,12.86,16000,1,1,1.0,1,1,val,False,False,False,False
146,f4cb062f,s113_1,113,1,25,1,5.34,16000,0,0,1.0,0,1,val,False,False,False,False
667,f6322fad,s16_4,16,4,25,0,7.52,16000,1,1,1.0,1,1,val,False,False,False,False
1304,cf91491d,s7_8,7,8,50,1,5.82,16000,0,0,0.0,0,1,val,False,False,False,False
973,56aab4e4,s45_9,45,9,60,0,7.1,16000,0,1,1.0,0,1,val,False,False,False,False
153,f857c8f9,s113_8,113,8,25,1,5.66,16000,0,0,0.0,0,1,val,False,False,False,False
360,e07e9de6,s132_7,132,7,24,0,8.62,16000,1,1,1.0,1,1,val,False,False,False,False
680,3d5a69d3,s18_2,18,2,40,0,7.0,16000,1,1,1.0,1,1,val,False,False,False,False
21,d7c4f020,s101_2,101,2,22,0,2.38,16000,0,0,0.0,0,1,val,False,False,False,False
183,1f138ef7,s116_8,116,8,17,1,5.46,16000,0,0,0.0,0,1,val,False,False,False,False
91,518faa36,s108_2,108,2,24,0,9.06,16000,1,1,1.0,1,1,val,False,False,False,False
1294,ba944199,s79_8,79,8,50,0,9.72,16000,1,1,1.0,1,1,val,False,False,False,False
85,d9ea1272,s107_6,107,6,26,0,9.8986875,16000,0,0,1.0,1,1,val,False,False,False,False
967,be7fb675,s45_3,45,3,60,0,6.74,16000,0,1,1.0,0,1,val,False,False,False,False
1375,b592ff74,s87_6,87,6,45,0,11.08,16000,0,1,1.0,0,1,val,False,False,False,False
1356,c17fe57b,s85_6,85,6,53,1,7.82,16000,0,0,1.0,0,1,val,False,False,False,False
177,735dcbad,s116_2,116,2,17,1,5.82,16000,0,0,0.0,0,1,val,False,False,False,False
25,8b298484,s101_6,101,6,22,0,2.7,16000,0,0,0.0,0,1,val,False,False,False,False
1289,44c34d77,s79_3,79,3,50,0,9.84,16000,1,1,1.0,1,1,val,False,False,False,False
1260,ad8f5e1d,s75_7,75,7,21,0,5.3,16000,0,0,1.0,0,1,val,False,False,False,False
972,ca19568c,s45_8,45,8,60,0,8.0,16000,0,1,1.0,0,1,val,False,False,False,False
182,95279ecc,s116_7,116,7,17,1,5.16,16000,0,0,0.0,0,1,val,False,False,False,False
964,f0c20abf,s45_1,45,1,60,0,8.62,16000,0,1,1.0,0,1,val,False,False,False,False
148,2653114c,s113_3,113,3,25,1,6.58,16000,0,0,0.0,0,1,val,False,False,False,False
681,a5cd6e61,s18_3,18,3,40,0,7.06,16000,1,1,1.0,1,1,val,False,False,False,False
178,a0a26507,s116_3,116,3,17,1,5.18,16000,0,0,0.0,0,1,val,False,False,False,False
561,6367424b,s151_2,151,2,35,0,8.46,16000,1,1,1.0,1,1,val,False,False,False,False
292,c359f50f,s126_9,126,9,43,0,13.58,16000,1,1,1.0,1,1,val,False,False,False,False
83,300fa2db,s107_4,107,4,26,0,9.8986875,16000,0,0,1.0,1,1,val,False,False,False,False
286,39d88736,s126_3,126,3,43,0,12.98,16000,1,1,1.0,1,1,val,False,False,False,False
92,e9ae5e01,s108_3,108,3,24,0,8.78,16000,1,1,1.0,1,1,val,False,False,False,False
686,689b699e,s18_8,18,8,40,0,7.58,16000,1,1,1.0,1,1,val,False,False,False,False
27,ff433291,s101_8,101,8,22,0,2.3,16000,0,0,0.0,0,1,val,False,False,False,False
97,13f24f8e,s108_8,108,8,24,0,9.32,16000,1,1,1.0,1,1,val,False,False,False,False
1300,ae9029ab,s7_4,7,4,50,1,5.0945,16000,0,0,0.0,0,1,val,False,False,False,False
358,fbd8089a,s132_5,132,5,24,0,8.22,16000,1,1,1.0,1,1,val,False,False,False,False
80,5c041895,s107_10,107,10,26,0,9.1093125,16000,0,0,1.0,1,1,val,False,False,False,False
291,613a2a0e,s126_8,126,8,43,0,13.18,16000,1,1,1.0,1,1,val,False,False,False,False
966,e0e2b4a3,s45_2,45,2,60,0,7.3,16000,0,1,1.0,0,1,val,False,False,False,False
289,c21ae06d,s126_6,126,6,43,0,13.32,16000,1,1,1.0,1,1,val,False,False,False,False
95,a64e2b5e,s108_6,108,6,24,0,8.62,16000,1,1,1.0,1,1,val,False,False,False,False
266,4e93ac46,s124_3,124,3,58,0,6.28,16000,0,0,1.0,0,1,val,False,False,False,False
82,dc1d8b18,s107_3,107,3,26,0,10.2186875,16000,0,0,1.0,1,1,val,False,False,False,False
812,b99f2dd3,s2_4,2,4,59,0,8.84,16000,0,0,1.0,1,1,val,False,False,False,False
1350,57a21d35,s85_1,85,1,53,1,5.98,16000,0,0,1.0,0,2,val,False,False,False,False
1295,62c98be1,s79_9,79,9,50,0,10.5,16000,1,1,1.0,1,1,val,False,False,False,False
264,d87606ae,s124_10,124,10,58,0,6.5,16000,0,0,1.0,0,1,val,False,False,False,False
1488,5693fb3a,s98_5,98,5,13,1,7.1265,16000,0,0,0.0,0,1,val,False,False,False,False
566,52898cbd,s151_7,151,7,35,0,8.02,16000,1,1,1.0,1,1,val,False,False,False,False
1057,65796674,s53_8,53,8,25,1,7.34,16000,0,0,1.0,0,1,val,False,False,False,False
175,37e6c346,s116_1,116,1,17,1,7.74,16000,0,0,0.0,0,1,val,False,False,False,False
1372,3be7ebf1,s87_3,87,3,45,0,10.2,16000,0,1,1.0,0,1,val,False,False,False,False
263,a7c97e34,s124_1,124,1,58,0,5.9,16000,0,0,0.0,0,1,val,False,False,False,False
672,d3021536,s17_3,17,3,50,0,13.6106875,16000,1,1,1.0,1,1,val,False,False,False,False
283,975c0d9e,s126_1,126,1,34,0,14.7,16000,1,1,1.0,1,1,val,False,False,False,False
683,e6e474f4,s18_5,18,5,40,0,8.38,16000,1,1,1.0,1,1,val,False,False,False,False
151,d6fed245,s113_6,113,6,25,1,6.28,16000,0,0,0.0,0,1,val,False,False,False,False
1303,b35c600a,s7_7,7,7,50,1,5.0945,16000,0,0,0.0,0,1,val,False,False,False,False
1056,39bf7919,s53_7,53,7,25,1,7.76,16000,0,0,1.0,0,1,val,False,False,False,False
23,afecb4fc,s101_4,101,4,22,0,2.96,16000,0,0,0.0,0,1,val,False,False,False,False
1259,3237d55d,s75_6,75,6,21,0,5.8,16000,0,0,1.0,0,1,val,False,False,False,False
809,7299562e,s2_10,2,10,59,0,7.72,16000,0,0,1.0,1,1,val,False,False,False,False
1485,10ab4ab9,s98_2,98,2,13,1,7.1265,16000,0,0,0.0,0,1,val,False,False,False,False
1492,a317f98d,s98_9,98,9,13,1,7.2385,16000,0,0,0.0,0,1,val,False,False,False,False
1486,a850ccc5,s98_3,98,3,13,1,7.2385,16000,0,0,0.0,0,1,val,False,False,False,False
682,2d67876a,s18_4,18,4,40,0,8.64,16000,1,1,1.0,1,1,val,False,False,False,False
86,74e37682,s107_7,107,7,26,0,10.4106875,16000,0,0,1.0,1,1,val,False,False,False,False
670,72781e8e,s17_1,17,1,50,0,12.3733125,16000,1,1,1.0,1,1,val,False,False,False,False
1053,8a6ad61c,s53_4,53,4,25,1,6.24,16000,0,0,1.0,0,1,val,False,False,False,False
560,f051ab91,s151_10,151,10,35,0,8.24,16000,1,1,1.0,1,1,val,False,False,False,False
1357,216d432b,s85_7,85,7,53,1,7.66,16000,0,0,1.0,0,1,val,False,False,False,False
1253,5d9394c5,s75_1,75,1,21,0,7.64,16000,0,0,1.0,0,1,val,False,False,False,False
1296,76546cb8,s7_1,7,1,50,1,3.2865,16000,0,0,0.0,0,1,val,False,False,False,False
93,48565522,s108_4,108,4,24,0,9.48,16000,1,1,1.0,1,1,val,False,False,False,False
971,12eb0bef,s45_7,45,7,60,0,7.7,16000,0,1,1.0,0,1,val,False,False,False,False
28,e644320a,s101_9,101,9,22,0,2.62,16000,0,0,0.0,0,1,val,False,False,False,False
673,36322d6d,s17_4,17,4,50,0,10.6026875,16000,1,1,1.0,1,1,val,False,False,False,False
90,13fd94d2,s108_10,108,10,24,0,8.42,16000,1,1,1.0,1,1,val,False,False,False,False
1256,127a45a2,s75_3,75,3,21,0,6.4,16000,0,1,1.0,0,1,val,False,False,False,False
362,88f86de6,s132_9,132,9,24,0,7.88,16000,1,1,1.0,1,1,val,False,False,False,False
1293,a6c02071,s79_7,79,7,50,0,9.98,16000,1,1,1.0,1,1,val,False,False,False,False
814,d17dfccf,s2_6,2,6,59,0,8.32,16000,0,0,1.0,1,1,val,False,False,False,False
811,dde46eba,s2_3,2,3,59,0,8.74,16000,0,0,1.0,1,1,val,False,False,False,False
288,1673d0d6,s126_5,126,5,43,0,12.96,16000,1,1,1.0,1,1,val,False,False,False,False
181,8a995842,s116_6,116,6,17,1,6.36,16000,0,0,0.0,0,1,val,False,False,False,False
1062,0ca8144b,s54_4,54,4,46,0,4.2,16000,0,0,0.0,0,1,val,False,False,False,False
359,2708f08f,s132_6,132,6,24,0,8.52,16000,1,1,1.0,1,1,val,False,False,False,False
684,a7f7a55a,s18_6,18,6,40,0,8.92,16000,1,1,1.0,1,1,val,False,False,False,False
272,0b4be2ed,s124_9,124,9,58,0,5.84,16000,0,0,1.0,0,1,val,False,False,False,False
179,50c6e628,s116_4,116,4,17,1,6.04,16000,0,0,0.0,0,1,val,False,False,False,False
1258,ffcafe76,s75_5,75,5,21,0,6.08,16000,0,1,1.0,0,1,val,False,False,False,False
1052,a64bdfcd,s53_3,53,3,25,1,7.76,16000,0,0,1.0,0,1,val,False,False,False,False
1254,209545b1,s75_10,75,10,21,0,5.46,16000,0,0,1.0,0,1,val,False,False,False,False
1058,b79cd663,s53_9,53,9,25,1,6.96,16000,0,0,1.0,0,1,val,False,False,False,False
361,b8329c4e,s132_8,132,8,24,0,8.42,16000,1,1,1.0,1,1,val,False,False,False,False
1483,7da08a35,s98_1,98,1,13,1,6.4465,16000,0,0,0.0,0,1,val,False,False,False,False
565,b9287059,s151_6,151,6,35,0,8.44,16000,1,1,1.0,1,1,val,False,False,False,False
669,f3bb7c1e,s16_6,16,6,25,0,7.5,16000,1,1,1.0,1,1,val,False,False,False,False
1352,3bec844d,s85_2,85,2,53,1,5.64,16000,0,0,1.0,0,2,val,False,False,False,False
1491,14305f55,s98_8,98,8,13,1,7.74,16000,0,0,0.0,0,1,val,False,False,False,False
1287,1ee48cd6,s79_1,79,1,50,0,12.06,16000,1,1,1.0,1,1,val,False,False,False,False
567,2c1b3977,s151_8,151,8,35,0,8.46,16000,1,1,1.0,1,1,val,False,False,False,False
1299,12b607c4,s7_3,7,3,50,1,4.7505,16000,0,0,0.0,0,1,val,False,False,False,False
356,a5c1b567,s132_3,132,3,24,0,8.94,16000,1,1,1.0,1,1,val,False,False,False,False
564,95405b43,s151_5,151,5,35,0,8.26,16000,1,1,1.0,1,1,val,False,False,False,False
1490,8af50b94,s98_7,98,7,13,1,8.4785,16000,0,0,0.0,0,1,val,False,False,False,False
96,7c83c97f,s108_7,108,7,24,0,8.18,16000,1,1,1.0,1,1,val,False,False,False,False
267,1a618604,s124_4,124,4,58,0,6.0,16000,0,0,1.0,0,1,val,False,False,False,False
563,95a101e4,s151_4,151,4,35,0,8.94,16000,0,1,1.0,0,1,val,False,False,False,False
1351,a965d8ce,s85_10,85,10,53,1,5.6,16000,0,0,1.0,0,2,val,False,False,False,False
1063,54b3bac9,s54_5,54,5,46,0,4.26,16000,0,0,0.0,0,1,val,False,False,False,False
664,da7dd80d,s16_1,16,1,25,0,9.2,16000,1,1,1.0,1,1,val,False,False,False,False
1302,0b6c3598,s7_6,7,6,50,1,5.0945,16000,0,0,0.0,0,1,val,False,False,False,False
808,3a9d597b,s2_1,2,1,59,0,8.52,16000,0,0,1.0,1,2,val,False,False,False,False
1374,4eac9f58,s87_5,87,5,45,0,11.12,16000,0,1,1.0,0,1,val,False,False,False,False
1290,5a7a5e5a,s79_4,79,4,50,0,9.58,16000,1,1,1.0,1,1,val,False,False,False,False
562,82a1d739,s151_3,151,3,35,0,8.5,16000,1,1,1.0,1,1,val,False,False,False,False
969,eea9f5f5,s45_5,45,5,60,0,7.44,16000,0,1,1.0,0,1,val,False,False,False,False
355,9c3b06ce,s132_2,132,2,24,0,8.76,16000,1,1,1.0,1,1,val,False,False,False,False
269,e2eafff0,s124_6,124,6,58,0,6.82,16000,0,0,1.0,0,2,val,False,False,False,False
1288,4b399e2a,s79_2,79,2,50,0,10.28,16000,1,1,1.0,1,1,val,False,False,False,False
671,7fa1fda3,s17_2,17,2,50,0,11.9893125,16000,1,1,1.0,1,1,val,False,False,False,False
675,3e7e82ee,s17_6,17,6,50,0,11.6266875,16000,1,1,1.0,1,1,val,False,False,False,False
353,f9306349,s132_1,132,1,24,0,8.6,16000,1,1,1.0,1,1,val,False,False,False,False
665,2d1b5f00,s16_2,16,2,25,0,9.46,16000,1,1,1.0,1,1,val,False,False,False,False
176,0fd55bf4,s116_10,116,10,17,1,5.9,16000,0,0,0.0,0,1,val,False,False,False,False
87,06ce72f0,s107_8,107,8,26,0,9.984,16000,0,0,1.0,1,1,val,False,False,False,False
1298,55e4dcad,s7_2,7,2,50,1,5.0945,16000,0,0,0.0,0,1,val,False,False,False,False
79,f930391d,s107_1,107,1,26,0,12.1813125,16000,0,0,1.0,1,1,val,False,False,False,False
84,56ed7945,s107_5,107,5,26,0,11.1786875,16000,0,0,1.0,1,1,val,False,False,False,False
88,b7776071,s107_9,107,9,26,0,9.792,16000,0,0,1.0,1,1,val,False,False,False,False
81,11daf56e,s107_2,107,2,26,0,10.048,16000,0,0,1.0,1,1,val,False,False,False,False
152,8b6df2aa,s113_7,113,7,25,1,5.86,16000,0,0,0.0,0,1,val,False,False,False,False
270,ceb2759e,s124_7,124,7,58,0,6.84,16000,0,0,1.0,0,1,val,False,False,False,False
265,73f2fa64,s124_2,124,2,58,0,5.48,16000,0,0,1.0,0,1,val,False,False,False,False
150,af674a3e,s113_5,113,5,25,1,6.2,16000,0,0,0.0,0,1,val,False,False,False,False
965,3a491e2b,s45_10,45,10,60,0,8.28,16000,0,1,1.0,0,1,val,False,False,False,False
290,8188c4ec,s126_7,126,7,43,0,12.92,16000,1,1,1.0,1,1,val,False,False,False,False
184,7c20bfbe,s116_9,116,9,17,1,5.6,16000,0,0,0.0,0,1,val,False,False,False,False
89,f290ffee,s108_1,108,1,24,0,9.26,16000,1,1,1.0,1,1,val,False,False,False,False
1297,d80c3cba,s7_10,7,10,50,1,5.82,16000,0,0,0.0,0,1,val,False,False,False,False
1261,ffb23067,s75_8,75,8,21,0,5.94,16000,0,0,1.0,0,1,val,False,False,False,False
1257,be5a34d1,s75_4,75,4,21,0,5.96,16000,0,1,1.0,0,1,val,False,False,False,False
813,1dba82d3,s2_5,2,5,59,0,8.64,16000,0,0,1.0,1,1,val,False,False,False,False
568,f62c1b7a,s151_9,151,9,35,0,8.48,16000,1,1,1.0,1,1,val,False,False,False,False
970,8560e80e,s45_6,45,6,60,0,9.28,16000,0,1,1.0,0,1,val,False,False,False,False
147,7d15cbf1,s113_2,113,2,25,1,5.48,16000,0,0,0.0,0,1,val,False,False,False,False
685,56c98b13,s18_7,18,7,40,0,9.58,16000,1,1,1.0,1,1,val,False,False,False,False
666,c5dc041a,s16_3,16,3,25,0,7.7,16000,1,1,1.0,1,1,val,False,False,False,False
1370,aae698bd,s87_1,87,1,45,0,10.64,16000,0,1,1.0,0,1,val,False,False,False,False
26,28cbf7ae,s101_7,101,7,22,0,2.98,16000,0,0,0.0,0,1,val,False,False,False,False
1291,cd364616,s79_5,79,5,50,0,9.98,16000,1,1,1.0,1,1,val,False,False,False,False
98,13d563a0,s108_9,108,9,24,0,8.36,16000,1,1,1.0,1,1,val,False,False,False,False
284,1354ddec,s126_10,126,10,43,0,12.96,16000,1,1,1.0,1,1,val,False,False,False,False
1484,248b901e,s98_10,98,10,13,1,8.4785,16000,0,0,0.0,0,1,val,False,False,False,False
285,47b481fd,s126_2,126,2,43,0,13.12,16000,1,1,1.0,1,1,val,False,False,False,False
668,32dfcbef,s16_5,16,5,25,0,7.92,16000,1,1,1.0,1,1,val,False,False,False,False
1049,6a5aa572,s53_1,53,1,25,1,7.26,16000,0,0,1.0,0,1,val,False,False,False,False
1292,61cafbea,s79_6,79,6,50,0,11.34,16000,1,1,1.0,1,1,val,False,False,False,False
679,dfda63e3,s18_1,18,1,40,0,7.08,16000,1,1,1.0,1,1,val,False,False,False,False
268,80b3dfa0,s124_5,124,5,58,0,5.8,16000,0,0,1.0,0,1,val,False,False,False,False
354,129dafc0,s132_10,132,10,24,0,8.42,16000,1,1,1.0,1,1,val,False,False,False,False
1054,23075d50,s53_5,53,5,25,1,6.42,16000,0,0,1.0,0,1,val,False,False,False,False
1371,082a23f9,s87_2,87,2,45,0,10.02,16000,0,1,1.0,0,1,val,False,False,False,False
823,18615bcd,s30_6,30,6,50,0,7.34,16000,0,0,1.0,0,1,test,False,False,False,False
422,9d3d1690,s138_9,138,9,53,0,11.8654375,16000,1,1,1.0,1,1,test,False,False,False,False
525,35ccebfe,s148_4,148,4,9,0,7.38,16000,0,0,0.0,0,1,test,False,False,False,False
828,09792fea,s31_2,31,2,50,0,10.62,16000,0,0,1.0,0,1,test,False,False,False,False
325,de1c0143,s12_2,12,2,35,0,9.42,16000,1,1,1.0,1,1,test,False,False,False,False
1361,cb7bd2ab,s86_10,86,10,40,0,7.825125,16000,0,0,0.0,0,1,test,False,False,False,False
576,eb2936b3,s152_8,152,8,25,1,15.86,16000,1,1,1.0,1,1,test,False,False,False,False
460,3e0001e7,s141_8,141,8,35,0,12.18,16000,0,1,1.0,0,1,test,False,False,False,False
865,2c985d41,s34_9,34,9,57,0,10.02,16000,1,1,1.0,1,1,test,False,False,False,False
1412,592537f8,s90_7,90,7,40,0,9.7059375,16000,1,0,1.0,1,1,test,False,False,False,False
413,aa00b0a1,s138_1,138,1,53,0,12.260125,16000,1,1,1.0,1,1,test,False,False,False,False
569,8f24c17c,s152_1,152,1,25,1,17.06,16000,1,1,1.0,1,1,test,False,False,False,False
826,54b29dec,s30_9,30,9,50,0,8.92,16000,0,0,1.0,0,1,test,False,False,False,False
819,f360829b,s30_2,30,2,50,0,9.0,16000,0,1,1.0,0,1,test,False,False,False,False
300,9223e7e3,s127_7,127,7,30,0,10.7740625,16000,0,0,1.0,0,1,test,False,False,False,False
1329,6fdae92c,s82_9,82,9,45,0,11.6,16000,1,1,1.0,1,1,test,False,False,False,False
414,af19d437,s138_10,138,10,53,0,11.8654375,16000,1,1,1.0,1,1,test,False,False,False,False
303,f0d502f7,s128_1,128,1,21,0,3.5,16000,0,0,0.0,0,1,test,False,False,False,False
213,84f0bbd6,s11_1,11,1,18,0,5.06,16000,0,0,0.0,0,1,test,False,False,False,False
416,5a02974e,s138_3,138,3,53,0,11.7725,16000,1,1,1.0,1,1,test,False,False,False,False
1364,8afc068d,s86_4,86,4,40,0,7.662625,16000,0,0,0.0,0,1,test,False,False,False,False
1148,666dc367,s64_5,64,5,23,0,3.8,16000,0,0,0.0,0,1,test,False,False,False,False
294,e0fee85a,s127_10,127,10,30,0,11.7260625,16000,0,1,1.0,0,1,test,False,False,False,False
458,ee41d133,s141_6,141,6,35,0,12.18,16000,0,1,1.0,0,1,test,False,False,False,False
419,1e821e7b,s138_6,138,6,53,0,11.9815,16000,1,1,1.0,1,1,test,False,False,False,False
1367,43c51e05,s86_7,86,7,40,0,8.4985,16000,0,0,0.0,0,1,test,False,False,False,False
1151,6621cc8f,s64_8,64,8,23,0,3.42,16000,0,0,0.0,0,1,test,False,False,False,False
215,ab324a6b,s11_2,11,2,18,0,4.52,16000,0,0,0.0,0,1,test,False,False,False,False
298,23424aec,s127_5,127,5,30,0,12.36,16000,1,1,1.0,1,1,test,False,False,False,False
312,34ec989b,s128_9,128,9,21,0,3.34,16000,0,0,0.0,0,1,test,False,False,False,False
102,59684ed0,s109_4,109,4,57,1,7.4,16000,0,0,1.0,1,1,test,False,False,False,False
818,85d912a8,s30_1,30,1,50,0,9.9,16000,1,1,1.0,1,1,test,False,False,False,False
1369,12810fb2,s86_9,86,9,40,0,7.175,16000,0,0,0.0,0,1,test,False,False,False,False
571,40d0428f,s152_3,152,3,25,1,15.56,16000,1,1,1.0,1,1,test,False,False,False,False
831,226ed2e3,s31_5,31,5,50,0,12.12,16000,1,1,1.0,0,1,test,False,False,False,False
524,0199c2ea,s148_3,148,3,9,0,6.9,16000,0,0,0.0,0,1,test,False,False,False,False
858,a16d8827,s34_2,34,2,57,0,10.24,16000,1,1,1.0,1,1,test,False,False,False,False
299,afb18198,s127_6,127,6,30,0,11.7,16000,0,0,1.0,1,1,test,False,False,False,False
1324,f0d0b55e,s82_4,82,4,45,0,11.14,16000,1,1,1.0,1,1,test,False,False,False,False
863,fef2f543,s34_7,34,7,57,0,9.98,16000,1,1,1.0,1,1,test,False,False,False,False
307,6c6c6183,s128_4,128,4,21,0,3.74,16000,0,0,0.0,0,1,test,False,False,False,False
1271,2d18995f,s76_8,76,8,22,0,5.88,16000,0,1,1.0,0,1,test,False,False,False,False
421,fa4334db,s138_8,138,8,53,0,11.9583125,16000,1,1,1.0,1,1,test,False,False,False,False
217,57c38de4,s11_4,11,4,18,0,4.4,16000,0,0,0.0,0,1,test,False,False,False,False
769,c4ab57b5,s26_10,26,10,65,0,12.16,16000,1,1,1.0,1,2,test,False,False,False,False
218,8b4edc4a,s11_5,11,5,18,0,4.18,16000,0,0,0.0,0,1,test,False,False,False,False
1266,08c8e368,s76_3,76,3,22,0,6.98,16000,0,1,1.0,0,1,test,False,False,False,False
1269,2543649c,s76_6,76,6,22,0,5.94,16000,0,1,1.0,0,1,test,False,False,False,False
221,67b515e9,s11_8,11,8,18,0,4.54,16000,0,0,0.0,0,1,test,False,False,False,False
859,91d80b3d,s34_3,34,3,57,0,9.6,16000,1,1,1.0,1,1,test,False,False,False,False
420,84e5b26f,s138_7,138,7,53,0,12.353,16000,1,1,1.0,1,1,test,False,False,False,False
167,8959f541,s115_2,115,2,31,0,9.42,16000,0,0,1.0,1,1,test,False,False,False,False
1322,704c94a9,s82_2,82,2,45,0,11.64,16000,1,1,1.0,1,1,test,False,False,False,False
1186,31dbd260,s69_10,69,10,43,0,9.44,16000,1,1,1.0,1,1,test,False,False,False,False
296,c9cd8145,s127_3,127,3,30,0,12.42,16000,1,1,1.0,1,1,test,False,False,False,False
772,5897e397,s26_4,26,4,65,0,12.38,16000,1,1,1.0,1,2,test,False,False,False,False
1272,3aba9f9c,s76_9,76,9,22,0,5.9,16000,0,1,1.0,0,1,test,False,False,False,False
829,9c948666,s31_3,31,3,50,0,10.94,16000,0,0,1.0,0,1,test,False,False,False,False
324,a59ad3a5,s12_10,12,10,35,0,7.98,16000,1,1,1.0,1,1,test,False,False,False,False
821,6d665d43,s30_4,30,4,50,0,8.18,16000,0,0,1.0,0,1,test,False,False,False,False
457,9eb1bd4b,s141_5,141,5,35,0,11.74,16000,0,1,1.0,0,1,test,False,False,False,False
100,423b857c,s109_2,109,2,57,1,7.7,16000,0,0,1.0,1,1,test,False,False,False,False
107,068450e8,s109_9,109,9,57,1,8.4,16000,0,0,1.0,1,1,test,False,False,False,False
104,2fe56590,s109_6,109,6,57,1,8.78,16000,0,0,1.0,1,1,test,False,False,False,False
105,82b49f02,s109_7,109,7,57,1,9.32,16000,0,0,1.0,1,1,test,False,False,False,False
523,5e5a5fb1,s148_2,148,2,9,0,6.64,16000,0,0,0.0,0,1,test,False,False,False,False
461,5afb6f74,s141_9,141,9,35,0,11.98,16000,0,1,1.0,0,1,test,False,False,False,False
103,2132f236,s109_5,109,5,57,1,8.56,16000,0,0,1.0,1,1,test,False,False,False,False
1462,3326fe71,s95_9,95,9,27,0,10.44,16000,0,0,1.0,1,1,test,False,False,False,False
323,ed4f42ab,s12_1,12,1,35,0,8.82,16000,1,1,1.0,1,1,test,False,False,False,False
570,8a39bd76,s152_2,152,2,25,1,16.14,16000,1,1,1.0,1,1,test,False,False,False,False
452,c151b77b,s141_1,141,1,35,0,12.46,16000,0,1,1.0,0,1,test,False,False,False,False
165,fbf34d16,s115_1,115,1,31,0,9.1,16000,0,0,0.0,0,1,test,False,False,False,False
528,63422cd3,s148_7,148,7,9,0,4.94,16000,0,0,0.0,0,1,test,False,False,False,False
255,43f5ee05,s123_2,123,2,50,0,8.76,16000,1,1,1.0,1,1,test,False,False,False,False
861,44705f2b,s34_5,34,5,57,0,9.78,16000,1,1,1.0,1,1,test,False,False,False,False
768,a3c8dc35,s26_1,26,1,65,0,13.84,16000,1,1,1.0,1,1,test,False,False,False,False
1187,862d8ef5,s69_2,69,2,43,0,10.58,16000,1,1,1.0,1,1,test,False,False,False,False
1325,d36a27ea,s82_5,82,5,45,0,10.3,16000,1,1,1.0,1,1,test,False,False,False,False
860,a7b76f3a,s34_4,34,4,57,0,9.5,16000,1,1,1.0,1,1,test,False,False,False,False
1268,db6476ac,s76_5,76,5,22,0,6.36,16000,0,1,1.0,0,1,test,False,False,False,False
453,793b58d8,s141_10,141,10,35,0,12.22,16000,0,1,1.0,0,1,test,False,False,False,False
825,d8569464,s30_8,30,8,50,0,8.9,16000,0,0,1.0,0,1,test,False,False,False,False
257,aeaf6575,s123_4,123,4,50,0,10.36,16000,1,1,1.0,1,1,test,False,False,False,False
326,1c244c0e,s12_3,12,3,35,0,9.2,16000,1,1,1.0,1,1,test,False,False,False,False
302,dc1edb7f,s127_9,127,9,30,0,11.493875,16000,0,1,1.0,0,1,test,False,False,False,False
824,6c2ff76a,s30_7,30,7,50,0,7.52,16000,0,0,1.0,0,1,test,False,False,False,False
830,a894b87d,s31_4,31,4,50,0,10.5,16000,0,0,1.0,0,1,test,False,False,False,False
1323,1130b544,s82_3,82,3,45,0,11.0,16000,1,1,1.0,1,1,test,False,False,False,False
261,484779e8,s123_8,123,8,50,0,8.56,16000,1,1,1.0,1,1,test,False,False,False,False
305,2e974275,s128_2,128,2,21,0,3.36,16000,0,0,0.0,0,1,test,False,False,False,False
1264,c37b84be,s76_10,76,10,22,0,6.92,16000,0,1,1.0,0,1,test,False,False,False,False
327,24a68cb4,s12_4,12,4,35,0,8.96,16000,1,1,1.0,1,1,test,False,False,False,False
1270,1b8032ec,s76_7,76,7,22,0,6.02,16000,0,1,1.0,0,1,test,False,False,False,False
1409,7ca5da37,s90_4,90,4,40,0,10.7740625,16000,1,1,1.0,1,2,test,False,False,False,False
1457,7facef74,s95_4,95,4,27,0,10.52,16000,0,0,1.0,1,1,test,False,False,False,False
1414,c0d51a7d,s90_9,90,9,40,0,11.5403125,16000,1,1,1.0,1,1,test,False,False,False,False
1149,b57ee055,s64_6,64,6,23,0,3.04,16000,0,0,0.0,0,1,test,False,False,False,False
1146,4a8c138b,s64_3,64,3,23,0,4.0,16000,0,0,0.0,0,1,test,False,False,False,False
171,0f9af592,s115_6,115,6,31,0,9.76,16000,0,0,1.0,1,1,test,False,False,False,False
216,b987b23a,s11_3,11,3,18,0,4.82,16000,0,0,0.0,0,1,test,False,False,False,False
1362,3ba37124,s86_2,86,2,40,0,7.15175,16000,0,0,0.0,0,1,test,False,False,False,False
527,98d5921e,s148_6,148,6,9,0,6.0,16000,0,0,0.0,0,1,test,False,False,False,False
169,67b3f048,s115_4,115,4,31,0,9.4,16000,0,0,1.0,1,1,test,False,False,False,False
301,a9f5eff0,s127_8,127,8,30,0,11.4474375,16000,0,1,1.0,0,1,test,False,False,False,False
572,f18e2e83,s152_4,152,4,25,1,14.94,16000,1,1,1.0,1,1,test,False,False,False,False
1365,031b27f0,s86_5,86,5,40,0,7.175,16000,0,0,0.0,0,1,test,False,False,False,False
1413,9e5d08da,s90_8,90,8,40,0,11.517125,16000,1,1,1.0,1,1,test,False,False,False,False
170,c9a84cb7,s115_5,115,5,31,0,9.82,16000,0,0,1.0,1,1,test,False,False,False,False
99,8a374bf1,s109_1,109,1,57,1,7.7,16000,0,0,1.0,1,1,test,False,False,False,False
258,19f4e742,s123_5,123,5,50,0,8.94,16000,1,1,1.0,1,1,test,False,False,False,False
173,ddfb4123,s115_8,115,8,31,0,9.72,16000,0,0,1.0,1,1,test,False,False,False,False
262,879e5ba9,s123_9,123,9,50,0,9.32,16000,1,1,1.0,1,1,test,False,False,False,False
101,bd89b3aa,s109_3,109,3,57,1,8.68,16000,1,1,1.0,1,1,test,False,False,False,False
418,a4c9b6f1,s138_5,138,5,53,0,12.0511875,16000,1,1,1.0,1,1,test,False,False,False,False
1194,2d47ce04,s69_9,69,9,43,0,9.64,16000,1,1,1.0,1,1,test,False,False,False,False
1192,b6ddba16,s69_7,69,7,43,0,9.7,16000,1,1,1.0,1,1,test,False,False,False,False
295,0d006a5b,s127_2,127,2,30,0,11.88,16000,1,1,1.0,1,1,test,False,False,False,False
575,e5eda34a,s152_7,152,7,25,1,15.88,16000,1,1,1.0,1,1,test,False,False,False,False
1458,ed56b3f5,s95_5,95,5,27,0,13.24,16000,0,0,1.0,1,1,test,False,False,False,False
835,4e7506be,s31_9,31,9,50,0,11.78,16000,0,0,1.0,0,1,test,False,False,False,False
1411,781cd588,s90_6,90,6,40,0,11.3778125,16000,1,0,1.0,1,1,test,False,False,False,False
308,ac091293,s128_5,128,5,21,0,3.84,16000,0,0,0.0,0,1,test,False,False,False,False
293,f5733032,s127_1,127,1,30,0,14.419625,16000,1,1,1.0,1,1,test,False,False,False,False
862,6e05a467,s34_6,34,6,57,0,9.18,16000,1,1,1.0,1,1,test,False,False,False,False
456,fe90e50e,s141_4,141,4,35,0,11.92,16000,0,1,1.0,0,1,test,False,False,False,False
526,ac9bd7a9,s148_5,148,5,9,0,5.68,16000,0,0,0.0,0,1,test,False,False,False,False
1461,9d664a4d,s95_8,95,8,27,0,10.8,16000,0,0,1.0,1,1,test,False,False,False,False
219,d14e2c8c,s11_6,11,6,18,0,4.4,16000,0,0,0.0,0,1,test,False,False,False,False
573,9bc52079,s152_5,152,5,25,1,15.56,16000,1,1,1.0,1,1,test,False,False,False,False
455,9feb98da,s141_3,141,3,35,0,11.98,16000,0,1,1.0,0,1,test,False,False,False,False
1407,c1b4d0ac,s90_2,90,2,40,0,11.401,16000,1,1,1.0,1,1,test,False,False,False,False
222,8c578845,s11_9,11,9,18,0,4.32,16000,0,0,0.0,0,1,test,False,False,False,False
310,6b9a0c16,s128_7,128,7,21,0,3.82,16000,0,0,0.0,0,1,test,False,False,False,False
1406,72663dcc,s90_10,90,10,40,0,14.3,16000,1,1,1.0,1,1,test,False,False,False,False
1263,f852c34f,s76_1,76,1,22,0,7.14,16000,0,1,1.0,0,1,test,False,False,False,False
1265,8e57705a,s76_2,76,2,22,0,8.76,16000,0,1,1.0,0,1,test,False,False,False,False
834,2cfdbb9b,s31_8,31,8,50,0,11.52,16000,0,0,1.0,0,1,test,False,False,False,False
214,e2c30c9b,s11_10,11,10,18,0,5.4,16000,0,0,0.0,0,1,test,False,False,False,False
106,875e2341,s109_8,109,8,57,1,8.2,16000,0,0,1.0,1,1,test,False,False,False,False
833,c8df8d5d,s31_7,31,7,50,0,11.06,16000,1,1,1.0,0,1,test,False,False,False,False
1145,a941cb25,s64_2,64,2,23,0,4.48,16000,0,0,0.0,0,1,test,False,False,False,False
774,e0b54278,s26_6,26,6,65,0,12.24,16000,1,1,1.0,1,2,test,False,False,False,False
1459,b7a66365,s95_6,95,6,27,0,10.62,16000,0,0,1.0,1,1,test,False,False,False,False
1360,50183645,s86_1,86,1,40,0,6.873125,16000,0,0,0.0,0,1,test,False,False,False,False
259,2cfd47c9,s123_6,123,6,50,0,9.34,16000,1,1,1.0,1,1,test,False,False,False,False
309,c4aa5de4,s128_6,128,6,21,0,3.76,16000,0,0,0.0,0,1,test,False,False,False,False
1405,7aa01ace,s90_1,90,1,40,0,11.00625,16000,1,1,1.0,1,1,test,False,False,False,False
1143,549700a1,s64_1,64,1,23,0,7.58,16000,0,0,0.0,0,1,test,False,False,False,False
1363,753b5849,s86_3,86,3,40,0,7.7786875,16000,0,0,0.0,0,1,test,False,False,False,False
1368,3b1fc8dd,s86_8,86,8,40,0,7.8715625,16000,0,0,0.0,0,1,test,False,False,False,False
256,976602ff,s123_3,123,3,50,0,9.54,16000,1,1,1.0,1,1,test,False,False,False,False
332,c5c15ecd,s12_9,12,9,35,0,7.86,16000,1,1,1.0,1,1,test,False,False,False,False
1460,8edb457e,s95_7,95,7,27,0,10.64,16000,0,0,1.0,1,1,test,False,False,False,False
304,0b97b0e1,s128_10,128,10,21,0,4.44,16000,0,0,0.0,0,1,test,False,False,False,False
415,917f01f1,s138_2,138,2,53,0,12.1208125,16000,1,1,1.0,1,1,test,False,False,False,False
454,587c7406,s141_2,141,2,35,0,12.48,16000,0,1,1.0,0,1,test,False,False,False,False
1408,6dd1f92e,s90_3,90,3,40,0,11.7493125,16000,1,1,1.0,1,1,test,False,False,False,False
166,fa296e26,s115_10,115,10,31,0,9.34,16000,0,0,1.0,1,1,test,False,False,False,False
777,801c6f98,s26_9,26,9,65,0,11.76,16000,1,1,1.0,1,1,test,False,False,False,False
770,ef2f51ca,s26_2,26,2,65,0,13.54,16000,1,1,1.0,1,2,test,False,False,False,False
260,b7914fa7,s123_7,123,7,50,0,9.08,16000,1,1,1.0,1,1,test,False,False,False,False
1454,eda1e2b8,s95_10,95,10,27,0,10.48,16000,0,0,1.0,1,1,test,False,False,False,False
1328,b716bc31,s82_8,82,8,45,0,11.28,16000,1,1,1.0,1,1,test,False,False,False,False
856,f009e695,s34_1,34,1,57,0,10.22,16000,1,1,1.0,1,1,test,False,False,False,False
1456,e7438b3c,s95_3,95,3,27,0,10.5,16000,0,0,1.0,1,1,test,False,False,False,False
459,755e2631,s141_7,141,7,35,0,12.4,16000,0,1,1.0,0,1,test,False,False,False,False
1147,3e9dd804,s64_4,64,4,23,0,4.04,16000,0,0,0.0,0,1,test,False,False,False,False
1193,70cb2161,s69_8,69,8,43,0,9.62,16000,1,1,1.0,1,1,test,False,False,False,False
331,9b5c4519,s12_8,12,8,35,0,8.1,16000,1,1,1.0,1,1,test,False,False,False,False
820,25f36ffd,s30_3,30,3,50,0,7.66,16000,0,1,1.0,0,1,test,False,False,False,False
522,80a5a47a,s148_1,148,1,9,0,6.9,16000,0,0,0.0,0,1,test,False,False,False,False
172,73cf5e4b,s115_7,115,7,31,0,9.66,16000,0,0,1.0,1,1,test,False,False,False,False
529,85f1ff81,s148_8,148,8,9,0,5.0,16000,0,0,0.0,0,1,test,False,False,False,False
574,5a40158c,s152_6,152,6,25,1,15.76,16000,1,1,1.0,1,1,test,False,False,False,False
864,1efb6717,s34_8,34,8,57,0,10.18,16000,1,1,1.0,1,1,test,False,False,False,False
1188,350ae01a,s69_3,69,3,43,0,10.24,16000,1,1,1.0,1,1,test,False,False,False,False
220,cf5e9343,s11_7,11,7,18,0,4.54,16000,0,0,0.0,0,1,test,False,False,False,False
1185,255ac03e,s69_1,69,1,43,0,11.92,16000,1,1,1.0,1,1,test,False,False,False,False
297,d6dd4782,s127_4,127,4,30,0,12.12,16000,1,1,1.0,1,1,test,False,False,False,False
1190,20b5c7f1,s69_5,69,5,43,0,9.72,16000,1,1,1.0,1,1,test,False,False,False,False
1366,8ba1e56f,s86_6,86,6,40,0,6.78025,16000,0,0,0.0,0,1,test,False,False,False,False
1150,1cf11d3a,s64_7,64,7,23,0,4.22,16000,0,0,0.0,0,1,test,False,False,False,False
1503,840fca92,s9_1,9,1,25,1,7.662625,16000,1,1,1.0,1,2,test,False,False,False,False
168,202690ee,s115_3,115,3,31,0,10.06,16000,0,0,1.0,1,1,test,False,False,False,False
827,876ad789,s31_1,31,1,50,0,9.1,16000,0,0,1.0,0,1,test,False,False,False,False
822,84c41cec,s30_5,30,5,50,0,7.86,16000,0,0,1.0,0,1,test,False,False,False,False
1326,b7d752bc,s82_6,82,6,45,0,10.68,16000,1,1,1.0,1,1,test,False,False,False,False
417,35e1a3ee,s138_4,138,4,53,0,12.0279375,16000,1,1,1.0,1,1,test,False,False,False,False
311,303ca254,s128_8,128,8,21,0,3.38,16000,0,0,0.0,0,1,test,False,False,False,False
1144,090bd3de,s64_10,64,10,23,0,4.0,16000,0,0,0.0,0,1,test,False,False,False,False
832,d498a287,s31_6,31,6,50,0,10.98,16000,0,0,1.0,0,1,test,False,False,False,False
1327,140b5f11,s82_7,82,7,45,0,10.78,16000,1,1,1.0,1,1,test,False,False,False,False
1191,e92b8abb,s69_6,69,6,43,0,9.64,16000,1,1,1.0,1,1,test,False,False,False,False
1152,2ff49033,s64_9,64,9,23,0,3.3,16000,0,0,0.0,0,1,test,False,False,False,False
1321,b9392916,s82_1,82,1,45,0,8.98,16000,0,0,1.0,1,1,test,False,False,False,False
1189,0849303b,s69_4,69,4,43,0,9.96,16000,1,1,1.0,1,1,test,False,False,False,False
1267,e1bc925f,s76_4,76,4,22,0,6.42,16000,0,1,1.0,0,1,test,False,False,False,False
306,adc7aaf2,s128_3,128,3,21,0,3.82,16000,0,0,0.0,0,1,test,False,False,False,False
328,cc0b2a92,s12_5,12,5,35,0,8.4,16000,1,1,1.0,1,1,test,False,False,False,False
253,4152329e,s123_1,123,1,50,0,10.34,16000,1,1,1.0,1,1,test,False,False,False,False
329,9c242175,s12_6,12,6,35,0,8.84,16000,1,1,1.0,1,1,test,False,False,False,False
254,9547aef1,s123_10,123,10,50,0,8.88,16000,1,0,1.0,1,1,test,False,False,False,False
330,740e5068,s12_7,12,7,35,0,9.12,16000,1,1,1.0,1,1,test,False,False,False,False
174,0466bb7d,s115_9,115,9,31,0,10.12,16000,0,0,1.0,1,1,test,False,False,False,False
857,9a118d2b,s34_10,34,10,57,0,9.98,16000,1,1,1.0,1,1,test,False,False,False,False
